street,extent
CITY OF BALTIMORE,
ABBOT,"Bond to Broadway, N of Chew"
ABRAHAM,from Harford av. N of Monu
ADAMS,"going west from Fremont, between"
ADDISON,"from High, N of Hillen"
AISQUITH,going north from 118 E Balti
THE,
AISQUITH CT,"from Aisquith, rear of Jack"
ALBEMARLE,going south from 11 Plow
ALBERT AL,from Neighbour
ALLEN,"going south from Beason, E of Lud"
ALLEN 'S AL,going east from 48 S Exeter
ALICE ANNA,going east from East Falls av
ALLUVION,going east from Ridgely Ostend
"AMITY, (N)",from 702 W Baltimore
"AMITY, (S)",from 679 W Baltimore
ANDRE,going south from Nicholson Towson
"ANN, (N)",going north from 332 E Baltimore To Northern av
"ANN, (S)",going south from 343 E Baltimore
ANTHONY,from Eden to Caroline Eager
ANTHONY CT E,of Central av
ARCADE AL,going west from 48 N Eutaw
ARCH,from 15 Raborg
ARCHER,"from Columbia, W of Scott"
ARMISTEAD LA,from Johnson to Light S of York
"ARTESIAN, WATERING",and BALLAST
WHF,foot of Hughes
ATLANTIC WHF,foot of Patapsco ton
BAKER,"from N Calhoun, N of Gol("
"BALTIMORE, (W)",going west fror Falls Falls
BALDERSTON,"from Grant to Charles, S of Lombard"
BANK,going east from 92 s Exeter
BANKERT'S AL,between Columbia and Haw
BANK LA,going west from 8 N Calvert
BARCLAY. LITTLE,from Truxton
BARNES,"from Bond to Broadway, S of Eager"
BARNET,going west from 54 N Charles
BARRE,going west from 154 Light-st. wharf
BARTLETT'S AL,from Chesnut
BAYARD,"from James, S of Wooster"
REAL'S CT,from 188 Orleans
BEAMS LA,"from Franklin, W of Pop pleton"
BEASON,"going east from Ludlow, S of Cuba"
BEDFORD AL,"from Camden, W of Charles"
BEL AIR AV,Gay-st. extended
BELL AL,"from Davis, S of Centre"
BELT'S,"WHF Fell,S of Thames"
BEL VID ERE,from Jones' Falls to Green mount av
BENJAMIN,"going south from Beason, E of Prosser"
BENTALOU,"going south from Hollins, W of Smallwood"
"BETHEL, (N)",going north from 266 E Bal timore
"BETHEL, (S)",going south from 271 E Bal timore
BETHEL CT,"from Saratoga, W of Gav"
BEVAN,from 80 Henrietta
"BIDDLE, (W)",going west from Jones Falls
"BIDDLE, (E)",going east from Jones Falls N of Chase
BIDDLE AL,"from Biddle, E of Pennsyl&quot;"
BIRCKHEAD'S CT,"rear of N Sharp, N of"
BLOCK,from Drawbridge to Thames
BLOODGOOD CT,"from Front, N of Fayette"
BLOOM,"from Carey, N of Presstman"
BLOOMINGDALE ROAD,from Frederick
BOLTON,from 53 W Biddle
BOLTON AL,"going from Townsend, E of"
"BOND, (N)",going north from 242 E Balti
"BOND,(S)",going south from 251 E Baltimore
BOOTH,from Oregon to Callendar al S of Baltimore
BOSTON STEAMSHIP WHF,foot of Mc Elderry's whf
BOSTON,going S E from Chester to East av
BOULDIN AL,"going from Lanvale, between Penna av. and Division"
BOUNTY LA,"going east from Spring, S of Baltimore"
BOWLY,"from McElderry 's whf, S of Pratt Pratt"
BOWLY'S WHF,"South and Bowly, ' S of Pratt"
BOYD,"from Fremont, S of Hollins"
BOYLE,"going south from Clement, E of Webster"
BRADENBAUGH AL,"from Saratoga, W of Gay"
BRADFORD AL,"from Townsend, E of Hospital"
BREWER AL,going from 73 W Hoffman
BREWER AL,from Lanvale to Hoffman
BRITTON,now Harford av
BROAD AL,from 77 E Pratt
"BROADWAY, (N)",going north from 288 E Baltimore
"BROADWAY, (S)",going south from 287 Baltimore
"BROADWAY, LITTLE",from Lombard of Broadway
BROWN,"from Charles, S of Cross"
BROWN'S WHF,from 57 Thames
BRUNE,from 327 Franklin
BRUNSWICK,now Ryan
BRYAN'S CT,"from Little Hughes, W Light"
BUCHANAN'S WHF,from 37 W Pratt
BUREN,going north from N Front
BURGUNDY AL,going west from 10 Paca
BURKE,going north and south from E timore E of Gist
BUSH,"from James, S of Bayard"
BUTCHER'S ROW,Pennsylvania av tended
BUTLER,from 256 Montgomery
BYRD,"going south from Randall, W John-so2i"
CABLE,from Spear's wharf to Commerce S of Pratt
CALHOUN (N.),going north from 858 Baltimore
CALHOUN (S.),going south from 859 Baltimore
CALHOUN AL,from Pratt W of Light-st whf
CALLENDAR,from 639 W Baltimore
CALVERT (N.),going north from 150 Baltimore
CALVERT (S-),going south from 153 W Bal timore
CALVERT A L,rear of 76 Harford av
CALVERTON MILLS,near Almshouse
CALVERTON ROAD,from Frederick av
CAMDEN,"going west from Light-st, wharf"
CAMDEN LA,"from Camden, E of Sharp"
CAMDEN AL,"from Garden, n of Biddle"
CAMEL AL,"going west from Cathedral, N of W Biddle"
CANTON,going north and south from E
CANTON AV,going east from Jones Falls
"CAREY (N,)",going north from 826 W Balti» W. more
"CAREY (S,)",going south from 827 W Balti more
CARLTON,from 539 W Fayette
CARPENTER'S AL,now King-st
CAROLINE. (N.),going north from 206 e Bal timore Milliman
CAROLINE (S.),going south from 221 e timore
CAROLINE AL,"from Caroline, S of Balti more"
CARROLL,"going south from Cross, W Nanticoke"
CASTLE,"going north and south from Balti more, E of Washington"
CATHEDRAL,going north from Mulberry
CATHEDRAL AL,from Charles Frankhn
CECIL,from 144 Lee
CEDAR AL,"from Hoffman, E of Penna"
CENTRAL AV (N.),going north from Baltimore I^ft. Right
CENTRAL AV (S.),going south from 157 f .Baltimore
"CENTRE, (W)",going west from Jont•^■ Falls
"CENTRE, (E)",going east from Jones Falls
CENTRE MARKET SPACE,going south
CENTRE AL,"from Fayette, W of Howard"
CHAPEL,"going north and south from Bal timore, E of Wolfe"
CHAPEL,from Pennsylvania av extended
CHAPEL AL,"from Mulberry, E of Park"
CHARLES (N.),going north from 228 W Bal timore
CHARLES (S.),going south from 229 W Bal timore
CHASE'S WHF,from 1 Thames
CHASE,"going east and west from Jones Falls, S of Biddle"
CHATSWORTH,from 303 Lexington
CHKAPSIDE,going south from Water
CHESAPEAKE,goingnorth and south from
CHESNUT,from 68 E Fayette
CHESNUT,ALr going west from 182 Pearl
CHESTER,going north and south from
CHEW,going east from Harford av. N Madison
CHINA,from 170 Lee
CHOPTANK,going north from 472 E Balti
"CHURCH, LITTLE",from LightSofMont gomery
CHURCH AL,from 323 Franklin
CIDER AL,from Howard to Penn German
CITY BLOCK,foot of West Falls av
CITY WHF,intersection of Lancaster Caroline Clemm
CLAGGETT AL,"from Adams, W Chatsworth"
CLARE,"from James, S of Elk"
CLARET AL,"from Fremont, S of Lee"
CLARK'S CT,between Douglass and Low
CLARKSON AL,"from West, W of Hanover"
CLAY,going west from 58 N Liberty
CLEMENT,going east from Montgomery S of Beason
CLEMM,"going east from Boyle, S of Fort"
CLIFFORD AL,"from Scott, N of Columbia"
COHEN'S AL,"from Mulberry, E of Eutaw"
COLLEGE AL,"from Saratoga, E of Park"
COLLIN 'S CT,"from Saratoga, W of mont"
COLVIN AL,"from Trent, S of Gay"
COMB A L,"from Lee, W of Hanover"
COMET,"from East to Aisquith, N of Fay"
COMMERCE,goingsouth from 75 Exchange
COMMERCE LA,"from Second, E of South"
COMMERCIAL WHF,from 97 and 103
CONCORD,going south from Fish Market
CONSTITUTION,from 62 N Front
"CONSTITUTION, LITTLE",from Peniten
CONWAY,agoing west from Light-st. whf
COOKE,from from Pennsylvania av. to Fremont
CORDERY'S WHF,now Abraham's Ship
CORNER'S WHF S,end of Buchanan's
CORNER'S WHF,foot of Ann
COTTON ROW,"from Clinton, E of Boston"
COUNTY WHF,foot of Broadway
COURT HOUSE LA,going from Calvert to
COVINGTON,going south from water line E of Henr)'
COWPEN AL,going west from 8 N Liberty
COX,"from Jones, south of water front"
CREEK AL,"from Hamburg, E of Hanover"
CROOKED LA,"from Fayettc,W of Charles"
CROSS,"going west from Basin, S of Ham burg"
CROSS AL,"from Greene, S of Franklin"
CUBA,going east from Hull N of Beason
CUMBERLAND,frm N Calhoun N of Baker
CURLEY,from Lancaster E of Fatuxent Fremont
CURTIS AL,from Thompson W of Fre mont
CYPRESS AL,from Lombard E of Sharp
DALLAS (N),Going north from 220 E Balti more Monument Chew Gay To Northern av
DALLAS (S),Going south from 135 e Balli .more
DARK LA,"from St, Paul, N of Lexington"
DAVIS,going north from 13 Lexington
DAWSON AL,from 481 W Pratt
DECATUR,"going south from Cox, E Lowman"
DECKER,going north from 24 W Chase
DECKER AL,from 384 W Eager
DELUOL AL,from Penna. av. S of Biddle
DEWBERRY AL,from 761 W Baltimore
DIAMOND,from 203 W Fayette
DICKSON AL,from MosherW of Cathedral
DIVISION,going from 85 Hoffman
DOLPHIN,going S W from Cathedral Hoffman
DONNELL'S WHF,"foot of Fell, W side"
DONOVAN AL,going west from 2 Jasper
DOUGLASS,from Exeter to Aisquith Fayette
DOVER,from Hanover to Fremont Pratt
DOVE AL,from Townsend E of Green mount av
DOYLE'S AL,from 25 Bank
DUNCAN AL,going north and south
DUG AN 'S WHF,from 27 W Pratt
DUFF'S WHF,from 37 Fell
DURHAM (N),(or Happy alley) going
DURHAM (S),going south from 364 E timore
DURST AL,"from Cross, between William and Washington"
EAGER (E),going east from Jones Falls of Chase
EAGER (W),going west of Jones Falls
EAST FALLS AV,going south from 1 E
EAST,from 86 E Baltimore
EAST AV,Eastern boundary
EDEN (N),going north from 164 E Balti more
EDEN (S),going south from 177 E Baltimore
EDEN CT,going from Central av. N of Jef ferson
EDEN AL,from Eden N of Baltimore
EDWARD,from Aisquith S of Gay
ELBOW LA,"from Paca to Fremont, S Pratt"
EISLEIN,"from Sterrett, S of McHenry"
EISLEIN AL,"from Scott, N of Hamburg"
ELDER AL,"from Orchard, betw Penna and Ross"
ELK,from James S of Gunpowder
ELLINS,going from 116 Hoffman
ELLICOTT,going east from cor Boston and Patapsco
ELLICOTT,"going S of Water, E of Light"
ELM,"going from Townsend, N of Oliver"
ELIZABETH LA,from Cross e of Charles
EMORY,going south from 377 W Pratt
ENSOR,"going north from Chesnut and Gay timore ,76 Saratoga .174 Monument Biddie"
EUTAW (S),going south from 363 w Balti more Camden Henrietta
EUTAW PLACE,"Eutaw street, north of"
EXCHANGE AL,from Lombard w of Gay
EXCHANGE PLACE,from South to Gay
EXCHANGE AL,going south from 59 Sec
EXETER (N),going north from 60 e Balti
EXETER,(S&gt;i-going south from 69 E Balti more
FALLS,from East Falls av to Constitution S of Monument
FALLS ROAD,Cathedral extended
FAWN,going East from East Falls av S of Stiles
PAYETTE,(W) going west from Jones Falls Harrison Frederick Gay Calvert Carey
FAYETTE (E),going east from Jones Falls
FEDERAL,"going east and west from Jones Falls, n of Oliver"
FELL,going south from 127 Thames
FIFTH LA,from Johnson to Basin
FIP AL,"from Eden, N of Baltimore"
FISH MARKET SPACE,from Jones Falls
FLEET AL,"from Hammond al, W of Car oline"
FORNEY AL,"from Fayette, W of Fremont"
FORREST,"from Halfmoon al, E of East"
FORT A V,going east from Sharp S of Clem ent
FOSTER AL,from 1 W Biddle
FOUNDRY,"going west from N Front, N"
FOUNTAIN,going east from 192 S Wash ington
FOURTH,"goirrg south from Fifth, near Powder house"
FRANKLIN,going west from Jones Falls Holiday Davis Calvert Courtland
FRANKLIN LA,going south from 9 Water
FRANKLIN SQUARE,bounded by Lexing
FREDERICK ;N),going north from 50 w
FREDERICK (S),going south from 41 w Bal
FREDERICK AV,going s w from Gilmor
FREMONT (N),going north from 570 W Baltimore To Pennsylvania av
FREMONT (S),going south from Balti more
FRENCH,see Front (N)
FRENCH AL,from French la. to Wine al W of Light
FRENCH LA,from Charles N of Lom bard
FRIENDSHIP,"from Thompson, E of Bel"
FRIENDSHIP CT,from 37 N Eden
FRONT (N),going north from E Baltimore
FRENCH,now FRONT
FRONT (S),going south from 13 E Balti more
FULTON,"going north and south from w Bal timore, w of Mount"
FULTON AL,"going east from Howard, N of Richmond"
FURNACE AL,"from Arch, S of Lexing ton G"
GARDEN,going from 106 W Monument
"GARDEN, LITTLE","from Ross, W Howard"
GARRISON LA,from Frederick av. to Cal verton road
GATES,going south from 48 Hamburg
"GAY, (N)",going north from 68 Baltimore
"GAY, (S)",going south from 61 Baltimore
GEORGE,going west from 20 Pennsylvania avenue
GIBSON'S WHF,from 43 Fell
GILLINGHAM AL,"from Howard to Lom bard, N of Pratt"
"GILMOR, (N)",going north from 904 w Bal timore
"GILMOR, (S)",going south from Baltimore • W of Strieker
GIST,going north and south from Baltimore E of Choptank Ostend
GOLD,"from N Carey, N of Bloom"
GOLD'S LA,"from James, W of Light"
GOLD'S CT,"from Montgomery, W of Light"
GOOD AL,"from Charles, S of Hill"
GOODMAN A L,from Williamson al W of
GOODWIN,from Harford av
GOODWIN AL,"from Sharp, N of Fayette"
GOUGH,going south and east from 53
"GOUGH, LITTLE","from Granby, E of Ex eter"
GRACE'S CT,"from King, W of Howard"
GRANBY,"going east from Jones Falls, N of Pratt"
GRANT,going south from 169 W Baltimore
GRANVILLE AL,from Northern av. to
GRAVEL AL,now Hargrove al
GRAVES,from 54 E Monument
"GREENE, LITTLE",
GREENE,(1*) going north from 420 W Bal timore
"GREENE, (S)",going south from 425 W Bal timore
GREEN'S CT,from E of •
GREEN WILLOW,from Chatswonh to Pennsylvania av N of Biddle
GREENWOOD,from Harford av near Bal timore Cemetery
GRIEVES' WHF,foot of Broadway
GRIN DAL L E,"of William, S of Mont gomery"
GRINNAN'S CT,"from Montgomery, W of Light"
GROCER'S AL,"from Robert, N E of Fre mont"
GRUNDY,from 21 W Biddle
GUNPOWDER,"from James, S of Bush"
GUILFORD,from 52 South to Franklin la
GUILFORD AL,from 202 Light
GWYNN,"from Boston to Essex, Canton"
GWYNN'S LA,"from Lanvale H H AL from Eden, N of Jefferson"
HAGAN'S CT,from 3 Bank
HAGAR'S CT,from Stirling N of Monument
HALFMOON AL,"from Chesnut, N of Fay ette"
HALL AL,"from West, near Henry"
HAMBURG,"going west from basin, S of Henrietta"
HAMILTON,going west from Hargrove al N of Franklin
HAMILTON TERRACE N,Eutaw betw Madison and Biddle
HAMMOND AL,"from Eden to Caroline, N of Canton av"
HAMPSTE AD,"going east from N Bond, N of Baltimore"
"HAMPSTEAD, LITTLE",going east from N Central av. N of Baltimore
HANOVER,going south from 263 W Balti more
HAPPY AL,now Durham
HARD EN'S CT,frm Henrietta E of Charles
HARE,"from Lancaster, E of Potomac"
HARFORD A V,going from Forrest and Greenmount av
HARGROVE AL,(formerly Gravel al)
HARMONY LA,going west from 108 Fre
HARPER,"going soutl^ from Marriott, E of Stuart"
HARRIS' AL,from Hudson to Elliott
HARRIS CREEK,"going north from North west Branch, Canton"
HARRISON,going north from 20 W Balti more
HARRISON,(Canton) from Canton av E of Chester
HART WAY'S AL,"from Baltimore to Ger man, E of Sharp"
HASSELBERGER'S CT,"from West, near James"
HAU BERT,"going south from Cox, E of De catur"
HAW,"from Fremont to Emory, N of Co lumbia"
HAWK,"from Jones Falls to Centre Market space, N of Lombard"
HEATH,"agoing east from Sharp, S of Ran dall"
HENDERSON'S WHF,from 55 Fell
HENRIETTA,"going west from Light, S of Montgomery"
HENRY,"going south from water line, E of Johnson"
HERRING'S CT,"from Pratt, E of Bond"
HIGH (N),going north from 42 E Baltimore
HIGH (S),going south from 43 E Baltimore
HIGH AL,from Aisquith N of Fayette
HILL,going west from 281 Light
HILLEN,"going east from Jones Falls, W ot Gay"
HOFFMAN (W),goia N E from Chats
HOFFMAN (E),going east from Jones Falls N of John
HOLBROOK AL,from Northern av W of Aisquith
HOLIDAY,going north from 100 Baltimore
HOLLAND AL,from 168 E Fager
HOLLAND,going east from 21 Aisquith
HOLLINS,going west from Fremont
HOLLINS AL,from 608 w Pratt
HOLLINGSWORTH,"going south from Water, W of Calvert"
HOMESTEAD VILLAGE,Harford av. N of Northern av
HOMESPUN AL,from Fremont S of Con way
HOPR AL,from Warren to Hamburg
HOWARD (N),going north from 226 W Baltimore Cathedral
HOWELL'S WHARF,"Thames, between"
HUBBARD AL,"from Eager, E of Green mount avenue"
HUDSON,going east from cor. Boston and Burke
HUDSON AL,from Northern av. E of Ca thedral
HUGH,"from Locust, W of Union dock"
HUGHES,"going west from Basin, N of Montgomery"
"HUGHES, LITTLE","going west from Jack son, S of Montgomery"
HUGHES' QUAY,intersection of Light-st
HULL,"going south from Cox, E of Haubert"
HULL'S LA,"from Aisquith to Forrest, N of Douglass"
HUMES,"from High to Exeter, near Hillen"
HUNTER AL,"from John, W of North"
HYDE'S CT,"from Hughes, W of Light"
INLOES AL,"from Park, N of Mulberry"
IVANHOE CT,"from Castle al, S of Eastern avenue"
IVY AL,"from Park, S of Mulberry"
"JACKSON, F. H","going south from water line, E of Covington"
JACKSON,"going east from Aisquith, N of Fayette"
JACKSON'S CT,"from Rock, N of Lexing ton"
JACKSON SQUARE E,"of Broadway, betw Fayette and Baltimore"
JACKSON'S WHF,"foot of Bond, W side"
JAMES,"going south from Cross, W of Washington av"
JAMES LA,"from Hamburg, E of Charles"
JASPER,from 183 Lexington
JEFFERSON,"going east from Aisquith, S of McElderry"
JEFFERSON PLACE,Charles-street ex tended
JENKINS AL,from 171 Preston
JENKINS LA,from Greenmount av. N of the Cemetery
JENKINS' WHF,south side of Philpot
JEW AL,from 188 Lexington
JEW AL,from 124 E Monument
"JOHN, (E)",going east from Jones Falls north of Biddle
"JOHN, (W)",going west from Jones Falls south of Belvidere Bridge
JOHNSON,going south from 108 Hughes
JONES,"going south from Cox, E of Reese"
JORDAN A L,from 101 W Biddle
JOSEPHINE,going west from 69 Arch K
KENT,"from James, S of Manokin"
KERR'S WHF,from 47 Thames
KIMMELL A L,from 151 Lexington
KING,(formerly Carpenter's al) agoing west
KNOX AL,"from Lexington, W of Fremont L L. AL from Frederick, S of Lombard"
LANCASTER,going east from East Falls av S of Aliceanna
LAN VALE,going east and west from Jones Falls
LANVALE LA,from Greenmount to 1st toll gate. Falls road
LAURENS,"from. Walsh, N of Wilson"
LAWRENCE,"going south from Clement, E of Boyle"
LEADENHALL,"from 262 Montgomery LEAKIN-^from Boston to Essex, Canton"
LEE,going west from 190 Light-st. whf
LEE-ST. WHF,from Light to Johnson
LEFFERMAN AL,from 44 French to Jones Falls
LEMMON,"from Schroeder to Popolcton, N of Pratt"
LEMMON AL,"from Fremont to Callendar al, N of Pratt"
LEREW'S AL,now Tyson street
LESTER'S CT,"from Wayne, W of Eutaw"
LEWIS,from 32 Holland
LEXINGTON,going west from 30 North
"LIBERTY, (N)",going north from 300 W Baltimore
"LIBERTY, (S)",going south from 301 W Baltimore
LIBERTY AL,"from 7 Buren, and N of Jail to Eager"
LIGHT AL,"from Light to Grant, south of Baltimore"
LIGHT,going south from 185K W Balti more
LIGHT-ST. WHF,going soufh from Pratt Right
LIGHT,going south from Lee Barney
LITTEL AL,"from Dover, W of Eutaw"
LLOYD,from 101 E Baltimore
LOCUST,from McElderry's whf to Union dock
"LOMBARD, (E)",going east from Jones Falls heft. Right
"LOMBARD, (W)",going wesi from Jones Falls
LORMAN,"from Fremont, N of Columbia"
LORMAN'S ALLEY,"from German, W of"
LOVEGROVE AL,"from Madison, E of"
LOVELY LA,"from South to Calvert, S of"
LOW,from Jones Falls E of Gay
LOWMAN,"going south from Cox, E of"
LOYOLA PLACE E,"side of Calvert, N of"
LUDLOW,"going south from Beason, E of"
LUMBER AL,"from Bowly's, S of Pratt"
LUZERNE,going north and South from Bal
MADISON (E),going east from Jones Falls
MADISON (W),going west from Jones Falls
MADISON AV,or W Madison continued
MADISON SQUARE,bounded by Chase
MADISON AL,"from Gay, E of Aisquith"
MADISON,"from Madison, W of Eden"
MAIDEN LANE,"from East to Aisquith, N of Baltimore"
MANOKIN,"from James, S of Putnam"
MARION CT,from Marion W of Park
MARRIOTT,"from Allen, S of Nicholson"
MARSHALL,going south from Fort av W of Byrd
MARTIN,"going south from Beason, E of Benjamin"
MASON AL,"from 56 Camel al., betw. Gar den and Bolton"
MATTHEWS,"from Calvert, S of Lombard"
MAY,"from 43 N Central av, N of Fayette more McCLURE'S DOCK between Commerce and South"
MECHANICS' CT,"from High, between Gay and Hillen"
MERCER,"from Calvert to Light, S of Balti more"
MILLIMAN,"from Caroline to Broadway, N of Monument"
MILL,"going south from Pratt, E of McEl derry's wharf"
MILLER,"from Bond, N of Madison"
MITCHELL'S CT,"from Pine,S of Saratoga"
MOHLER'S WHF,23 Fell
MONMONIER'S CT,"from Castle al, S of Eastern av"
MONROE,going north and south from Bal
MONTGOMERY,"going west from basin, S of Hughes"
"MONTGOMERY, LITTLE",going west
MONTGOMERY PCT,from Montgomery
MONTMORENCY AL,from Chatsworth
MONUMENT (E),going east from Jones
MONUMENT (W),going west from Jones Falls
"MONUMENT, LITTLE",from 174 N Eutaw
MONUMENT SQUARE,"Calvert, between"
MOORE AL,"from Tessier, S of Biddle"
MORRIS AL,from 133 W Biddle
MORTON AL,from 88 W Madison
MOSHER,"going S W from Cathedral, N of Townsend"
MOTT,from 242 N Gay
MOUNT,going north and south from W Bal
MOUNT ROYAL,from McMechin to Cathe dral extended
MOUNT VERNON PLACE,from St. Paul To Calverton road
MULBERRY CT,"from Knox al.,N of inejton"
MULBERRY AL,"from Fremont, N of ington"
MULLIKIN,going east from 41 Aisquith
MYER'S CT,"from Conway, W of Charles"
NANTICOKE,going south from Cross of Sassafras
NAPOLEON AL,from Eutaw to Paca Baltimore
NEALE,"going south from Marriott, East Harper"
NECESSITY AL,from High N of Fayette
NEIGHBOR,from McKim to Harford N of Madison
NEW,going west from 142 N Eutaw
NEW CHURCH,"from Crooked lane Sharp, S of Lexington"
NICHOLSON,"from Porter, S of Cox"
NICHOLSON LITTLE,from Aisquith Jackson
NORTH,going north from 118 w Baltimore
NORTHERN AV,Northern Boundary
NORTHWEST,from N Calhoun N of bury
O'DONNELL'S WHF,from 35 Pratt
OGSDEN,from Mulberry W of Chatsworth
OHIO A V,from Conway W of Howard
OLIVER,"going W from Greenmount av,N Hoffman"
ORANGE AL,going West from 32 N
ORBIT AL,from 9 Neighbour
ORCHARD,going west from 179 son av
OREGON (N),from 515 Lexington
OREGON (S),from 739 W Baltimore
ORLEANS,from Forrest N of Douglass
OSTEND,"going west from William, S of West"
PACA (N),going north from w Baltimore
PACA AL,going west from 42 n Paca
"PACA, LITTLE","from 71 S Paca, S of Cam den"
PACA PL,"from Paca, north of Franklin"
PARK,going north from 12 N Liberty
PARKIN,from 57 Hollins
PATAPSCO,"going south from Hamburg, E of Charles"
PATAPSCO AL,from Henrietta E of Charles
PATAPSCO A V,"from Hill, W of Sharp"
PATAPSCO (F. P.),going north and south from E Baltimore E of Luzerne
PATTERSON'S LA,"from Jenkins' lane, N of Greenmount"
PATTERSON'S WHF,east of drawbridge
PATTERSON'S WHF,betw Patterson and Commerce
PATUXENT,"going north and south from E Baltimore, E of Patapsco PA YSON going north and south from W Baltimore, W of Monroe"
PEACH AL,"from Montgomery, E of Sharp"
PEAR AL,from U Union
PEARL,going north -from 440 W Baltimore
PEIRCE,going west from 164 Pearl
PENN,from 163 German
PENN AL,going west from 57 Arch
PENNSYLVANIA AV,going N W from
PERRY,going west from 110 S Charles
PETTICOAT AL,"from Ensor,S of Madison"
PHILPOT,"from basin to Thames, S of Block"
PHILPOT AL,from 16 Gough
PIN AL,"from Arch, N of Lexington"
"PINE, (N)",going north from 510 W Balti more
"PINE, (S)",from 505&quot;W Baltimore
PLEASANT,going west from Jones Falls Davis Calvert
PLEASANT AL,from 165 S Chapel
"PLEASANT, LITTLE","from N Charles to Park, N of Saratoga"
PLOVER AL,"from Centre, E of Park"
PLOWMAN,"from Jones Falls to High, S of Baltimore"
PLUM,from 284 Montgomery
POINT LA,from Broadway to Harford av
POINT,from 1 Thames
POPPLETON (N),going north from 678 W Baltimore
POPPLETON (S),going south from 657 W Baltimore
PORTER,"going south from Nicholson, E of Stevenson"
PORTLAND,going west from intersection of Greene and Columbia
POTOMAC,going north and south from E
POULTNEY,"going west from Light, S of Hamburg"
"PRATT, (E)",going east from Jones Falls
"PRATT, (W)",going west from Jones
PRATT-ST. WHF,from Light-st to ly's whf
PRATT'S WHF,"(iron) Boston, Canton"
PRESBURY,"from N Calhoun, N of"
PRESIDENT,going south from 17 E
PRESIDENT AL,"from President, S of ern av"
PRESSTMAN W,"from Garden, N of"
PRESTON,going E from Pennsylvania Left. Itiglit Cathedral
PROCTOR AL,"from Chase, E of Green mount av"
PROSSER,"going S from Marriott, E of Neale"
PUBLIC WHF,"foot of Wills, S of City Falls Dock"
PULASKI,going north and_ south from W
PUTNAM,"from James, S of Clare"
QUAY AL,"from basin to Light, S of Lee"
RABORG,going west from 4 N Greene
RACE,"from S Charles, W of Hanover"
RAMSAY'S WHF,from 17 Thames
RAMSAY,from intersection of Columbia and
RANDALL,"going east from Sharp, S of Fort"
READ,"going west from Jones Falls, N of Madison"
REESE,"going south from Nicholson, E of Porter"
REESE'S AL,"from Lee, W of Sharp"
REGESTER (N),going north froni 314 E
REGESTER (S),going south from 321 E Baltimore Left. Right. isht
REPUBLICAN (N),roing north from 806 Bow- W Baltimore
REPUBLICAN (S),going south from 783 W Baltimore
RICKETT'S AL,"from Montgomery, W of Robert Light"
ROBERT,"from Pennsylvania av, N of Lau rens"
ROCK,from 337 Lexington
ROSE LANE,Cathedral extended
ROSK,from Madison av between Preston and Eutaw
ROSS,going n w from 179 N Howard
RUSSELL,from 218 S Fremont
RUSSELL'S CT,from 78 Harford av
RUSSELL LA,"from N Central av, N Orleans"
RUTTER AL,"from McMechin, W of Ca thedral"
RYAN,(formerly Brunswick) from Parkin
SADTLER AL,"from Warren, E of Henry"
SALISBURY AL,from Exeter to Lloyd of Lombard
SARAH ANN,going west from 136 Pearl
SARATOGA,going west from 78 N Gay
SARATOGA CT,"from Arch, S of Saratoga"
SASSAFRAS,"going south from Cross, W Wicomico"
SCHROEDER (N),from 722 W Baltimore
SCHROEDER (S),from 705 W Baltimore
SCOTT,from 355 W Lombard
"SECOND, (E)","going east from Jones Falls, N of Lombard"
"SECOND, (W)","going west from Centre Market space, S of Baltimore near Powder house"
SECOND LA,"from Fifth lane, near Powder house"
SEVENTH,"going south from Water, near Powder house"
SEVERN,"going south from Cross, W of S Paca"
SHAKSPEAR,from Bond to Broadway N of Thames
"SHARP, (N)",from 292 W Baltimore
"SHARP, (S)",going south from 289 W Balti more
SHIRK'S AL,"from Jones Falls, N of North ern av"
SHORT,from 52 Orleans
SHORT AL,"from Short, E of Aisquith"
SIXTH,"from Fourth, near Powder house"
SLEMMER'S AL,"from Granby, E of Pres ident"
SLEMMER'S AL,"from N Spring, N of Monument"
SMALL WOOD,going north and south from N of Mosher
SMITH'S AL,from Gay to Frederick Lombard
SMITH'S CT,from N Eutaw N of Lexing ton
SMITH'S WHF,from S E cor of &quot;W Pratt
SMITH'S AL,"from Eden, N of Chew"
SMITH'S LA,"from Smith's whf to Buchan an's whf, S of Pratt"
SOMERSET,from 208 e Madison
SOUTH,going south from 119 W Baltimore
SPEAR'S WHF,from 43 w Pratt
SPRING CT,from S Charles. N of Camden
SPRING GARDEN AV,from York Sharp
SPRING GARDEN WHF,foot of Eutaw
SPRING (N.),going north from 186 E more Fayette Mullikin
SPRING (S.),going south from 199 E more
SPRUCE AL,from S Washington Gough
SPURRIER'S CT S,side of Lexington of St. Paul
STAG AL,"from Lexington, W of Eutaw"
STABLE AL,"from Lombard, W of"
STATE,going N from 133 Saratoga
STATE-ST CT,"From State, N of Saratoga"
STERRETT,going south from McHenry W of Fremont
STEVENSON,going south from Reason of Marriott
STILES,going east from 24 East Falls
STOCKHOLM,going west from Leadenhall
STOCKTON AL,from Lexington W of Re
"STRICKER, (N)",going north from 866 W
"STRICKER, (S)",going south from Baltimore
STRANGE AL,"from Charles, N of Balti"
STUART,"going S from Nicholson, E of"
STUMP AL,"from Barre, W of Charles"
ST. JAMES,from Central av. N of Madison
ST. MARY,going W from 163 Madison av
ST. MARY'S CT,from 11 Pennsylvania av
ST. PAUL,going north from 186 Baltimore Lexington Balti- Franklin Read Kager
ST. PETER,"from S Paca to Parkin, S of Columbia"
ST. PETER AL,"from Parkin, S of Col umbia"
SWAN,"from Jones Falls to Centre Market space, S of Baltimore"
SWAN AL,between S Bethel and S Bond Balti
TEMPLE,from 54 E Baltimore
TENPIN AL,"from Spring, near Baltimore"
TESSIER,going W from 106 St. Mary's
THAMES,"going E from Philpot, S of Lan caster"
THIRD,from Cross to Randall
THOMPSON,going west from Fremont
THOMPSON AL,"from Fremont, N of Lom bard"
THOMSEN,"from Forrest to Aisquith, N of S of Orleans"
TOONE,"goingeast from Boston, S of Ellicott"
TOWSON,"going south from Cox, E of Hull"
TRINITY,going east from 78 Albemarle
TRIPOLETT'S AL,going south from 81 W Baltimore
TRUXTON,"from Jones Falls, N of Peniten E tiary"
TYSON,(formerly Lerew's al) going from Saratoga
TYSON,going south from 148 Cathedral
TYSON AL,"from Richmond, E of Howard"
UHLER'S AL,From Hanover to Charles N of Pratt
ULICK AL,"from Caroline to Spring, S of Pratt"
UMON AL,from 35 N Central av to Caro line
UNION,from 109 Pennsylvania av
UNION SQUARE,"bounded by Gilmor Strieker, Hoilins and Lombard"
UMON WHF,from Eastern av to Basin
UPTON,"from Townsend, E of Fremont"
UPTON PARK,"from George, betw Chats worth and Fremont"
VALLEY,from 33 Neighbour
VINE,going west from 17 Arch W
WAESCHE,"from Saratoga, E of Fremont"
WAGON AL,going west from 69 N Amity
WALKER,from 240 Columbia
WALKER'S CT,"from Bond, S of McEl d(?rry"
WALL,"from Dugan's wharf, S of Pratt"
WALNUT AL,from Pear al. to Ross
WALSH,going N from 2G0 W Biddle
WALTEMYER AL,"from Fremont, N of Cooke"
WARREN S,of Russell
WARNER,going from 81 Elbow lane
WASHINGTON A V,"going south from Cross, W of Carroll"
WASHINGTON (F. H.),going south from
WASHINGTON (N) F. P,going north from Baltimore. E of Chapel
WASHINGTON PLACE,"from Centre to Madison, W of St. Paul"
WASHINGTON (S) F. P,"going south from Baltimore, E of Chapel"
WASHINGTON SQ,including Washing and Monument
WATERS' WHARF,from N E cor of Fell and Wolfe
WATSON,"from High to Central av, S of Baltimore"
WARREN,"from Light, S of Little Church"
WAVERLY TERRACE,"Carey, from Fay ette to Lexington"
WATER,"from South to Light, N of Lombard"
"WATER, F. H","going east from William, S of Gittings"
WATERS' WHF,foot of Fell
WAYNE,from 132 S Eutaw
WEBB,"from Ensor, N of Chew"
WEBSTER,"going south from Clement, E of Powder house"
WEBSTER CT,rear of 179 Greenmount av
WEBSTER,"Al from Albert al, S of Eager"
WELCOME AL,going west from 174 Light st whf
WEST,"going west from basin, s of Cross"
WEST A L,"from Eutaw, S of Camden"
WEST AL,"from Stirling, near Eager"
WEST FALLS AV,going south from Lom
WELSH AL,from 192 Lexington
WICOMICO,"going south from Cross, W of"
WILMER AL,from 43 W Hoffman
WILLIAM,going south from 23 York
WILLIAMSON AL,from Hanover to Light
WILLS,from 28 Philpot
WILLS-ST WHF,end of Wills
WILSON,from 431 Pennsylvania av
WINDSOR,"from Boston to Cambridge, S of"
WINE AL,"from Light to Charles, S of Bal"
WOLFE (N),going north from 364 E Balti
WOLFE (S),going S from 369 E Baltimore
WOLFE AL,"from Perry, W of Howard"
WOOD,"from South to Bowly's wharf, S of"
WOOD AL,"from Adams, E of Fremont"
WOOSTER,"going from James, S of Stock"
WYETH,from 224 Columbia
YELLOTT'S CT,rear of 213 Chesnut
YORK,"going west from Basin, S of Lee"
Y'OUNG,from 22 Orleans
YOUNG AL,"from Dallas, S of Jefferson"
MARKETS,
BEL- AIR MARKET,"Forrest, from Hillen"
CENTRE MARKET,from Baltimore to
CROSS STRKET MARKET,from Light to
FELL'S POIN,"r MARKET Broadway, fm"
HANOVER,MARKET NWcornerof Han
HOLLINS-ST. MARKET,HolhnsS of Bal
LEXINGTON MARKET,"Lexington, from"
RICHMOND MARKET,from Howard to
