old,new,relation,raw
JACKSON,ABBOTSTON,was,Abbotston St: was Jackson St
ABEY,COMPTON,now,Abey Alley: now Compton St
ACCOMODATION,AETNA OR,see,Accomodation Alley: see Aetna Alley or Lane
AETNA OR,ACCOMODATION,see,Accomodation Alley: see Aetna Alley or Lane
ADAMS,TRENTON,now,Adams Alley: now Trenton St
ADAMS,HARLEM,now,Adams St: now Harlem Ave
KENNEDY,ADAMS,was,Adams St: was Kennedy Lane
ADDISON,PLAT OF FRIENDSBURY OF FRIENDSBURY,see,"Addison Alley: see plat of ""Friendsbury"" of Friendsbury Place"
PLAT OF FRIENDSBURY OF FRIENDSBURY,ADDISON,see,"Addison Alley: see plat of ""Friendsbury"" of Friendsbury Place"
ADDISON,HOOD,now,Addison Alley: now Hood St
KIRBY,ADDISON,was,Addison Alley: was Kirby Lane
JASPER OR,AGATE,was,Agate Court: was Jasper Alley or Court
STEVENSON,AGATE,was,Agate Court: was Stevenson Court
AISQUITH,SAPP,now,Aisquith Court: now Sapp St
PART OF TYSON OR,ALBION,was,Albion Alley: was part of Tyson Alley or Court
ALEXANDER,HOLLINGSWORTH,now,Alexander Alley: now Hollingsworth St
MAY,ALEXANDER,was,Alexander Ave: was May Ave
ALICE ANN,FOSTER,now,Alice Ann St: now Foster Ave
ALICE ANN,MONTFORD,now,Alice Ann St: now Montford Ave
ALISANNA,ALICE ANN,see,Alisanna St: see Alice Ann St
ALICE ANN,ALISANNA,see,Alisanna St: see Alice Ann St
CUMBERLAND,ALLEGANY,was,Allegany Place: was Cumberland Place
ALLEN,CLASSEN,now,Allen Ave: now Classen Ave
ALLEN,WOODHALL,now,Allen St: now Woodhall St
ALLENDALE,CALLOWAY,became part of,Allendale Ave: became part of Calloway Ave
PACA,ALPACA,was,Alpaca Court: was Paca Court
ELK,ALTO,was,Alto Ave: was Elk Ave
ELM,ALTO,was,Alto Ave: was Elm Ave
PART OF SOUTH,AMERICAN,was,American Place: was part of South St
AMITY,KEERLE,now,Amity Court: now Keerle St
KEERLE,AMITY,was,Amity St: was Keerle Lane n.d. Atl 3
ANCHOR,ANDRE,now,Anchor St: now Andre St
ANDERSON,MCDONALD ANDRE,see,Anderson Court: see McDonald Court Andre St: n.d. M5379
MCDONALD ANDRE,ANDERSON,see,Anderson Court: see McDonald Court Andre St: n.d. M5379
ANDREW,HEAVER,now,Andrew Ave: now Heaver St
ANGLE,LAMONT,now,Angle Alley: now Lamont St
POINT,ANGLE,was,Angle Alley: was Point Lane
HOPKINS,ANN,was,Ann St: was Hopkins Ave
ANN,RUTLAND,became,Ann St: became Rutland Ave
ANN,LAMLEY,now,Ann St Court: now Lamley St
ANNE,LAVNINA,now,Anne Rd: now Lavnina Rd
ORPHAN,ANTHONY,was,Anthony St: was Orphan St
APPLE,BETHEL,now,Apple Alley: now Bethel St
TALBOTT S OR,APPLE,was,Apple Court: was Talbott’s Court or Place
WARREN,APPLE,was,Apple Court: was Warren Court
APPOLD,20TH,became part of,Appold St: became part of 20th St
WALKER,APRICOT,was,Apricot Court: was Walker Court
LITTLE PARKIN,ARCHER,was,Archer St: was Little Parkin
WALKER,ARCHER,was,Archer St: was Walker St
WALSH,ARGYLE,was,Argyle Ave: was Walsh St
OREGON,ARLINGTON,was,Arlington Ave: was Oregon St
ARLINGTON,LANVALE,became,Arlington Place: became W. Lanvale St
ARMISTEAD,HILL,became part of,Armistead Lane: became part of Hill St
5TH,ARMORY,was,Armory Place: was 5th Ave
BRADLEY,ASBURY,was,Asbury Court: was Bradley Court
CHESTNUT,ASBURY,was,Asbury Court: was Chestnut Alley Court
ASBURY,CAREY,now,Asbury St: now Carey St
DRUID,ASH,was,Ash St: was Druid Ave
ASH,OAK,became,Ash Ave: became Oak St
JORDAN,ASHBURTON,was,Ashburton St: was Jordan St
STAFFORD,ASHBURTON,was,Ashburton St: was Stafford Lane
5TH,ASHBURTON,was,Ashburton St: was 5th St
10TH,ASHBURTON,was,Ashburton St: was 10th St
CHEW,ASHLAND,was,"Ashland Ave: was ""Chew"""
NEIGHBOR,ASHLAND,was,"Ashland Ave: was ""Neighbor"""
RAMSY,ASHTON,was,Ashton St: was Ramsy St
EDEN,ASKEW,was,Askew Alley: was Eden Court
FRIENDSHIP,ASKEW,was,Askew Alley: was Friendship Court
ASKEW,AISQUITH,see,Askew St: see Aisquith St
AISQUITH,ASKEW,see,Askew St: see Aisquith St
ATKINSON TERR,ATKINSON,was,Atkinson St: was Atkinson Terr
ATLANTIC,MOYER,became,Atlantic Court: became Moyer St
AUGUSTA,CLIFTON,now,Augusta Ave: now Clifton Ave
IRVINGTON,AUGUST,was,August Ave: was Irvington Ave
MOUNT,AULL,was,Aull St: was Mount St
ECCLESTON,AVALON,was,Avalon Ave: was Eccleston St
AVONDALE,RIGG,became part of,Avondale Ave: became part of Rigg Ave
BACK,HOLLIDAY,now,Back St: now Holliday St
BACK,WILLIAM,now,Back St: now William St
FRONT,BALDERSON,was,Balderson St: was Front St
RUXTON,BALDERSON,was,Balderson St: was Ruxton Lane
NEW,BALDERSTON,was,Balderston St: was New St
NEW FROM LIGHT TO PUBLIC,BALDERSON,was,"Balderson St: was New St from Light St to Public Lane (now Grant St) n.d. Atl 1,1 ½&6"
BALTIMORE,VERMONT,became,Baltimore Ave: became Vermont Ave
DULANY,BALTIMOE,was,Baltimoe St: was Dulany St
FREDERICK,BALTIMORE,was,Baltimore St: was Frederick Pike
LONG,BALTIMORE,was,Baltimore St: was Long St
MARKET,BALTIMORE,was,Baltimore St: was Market St
MCELDERRY,BANK,was,Bank Lane: was McElderry St
BARCLAY,REARDON,became part of,Barclay Ave: became part of Reardon St
BARCLAY,PRINCETON,became,Barclay Place: became Princeton Place
BARLOW,CLEAVELAND,see,Barlow Alley: see Cleaveland St
CLEAVELAND,BARLOW,see,Barlow Alley: see Cleaveland St
BARN,FLORENCE,see,Barn Alley: see Florence St
FLORENCE,BARN,see,Barn Alley: see Florence St
BARNET,CLAY,now,Barnet St: now Clay St
BARNETS,CLAY,now,Barnets St: now Clay St
BARNUM,28TH,became,Barnum Ave: became 28th St
STERRET,BARRE,was,"Barre St: was ""Sterret"" St"
BARRICKMANS,BANNOCKS,see,Barrickmans La: See Bannocks Lane
BANNOCKS,BARRICKMANS,see,Barrickmans La: See Bannocks Lane
BARTLETT,BARCLAY,see,Bartlett Ave: See Barclay St
BARCLAY,BARTLETT,see,Bartlett Ave: See Barclay St
BARTLETT,REARDON,became part of,Bartlett Ave: became part of Reardon St
BARTLETT,HAYWARD,became,Bartlett St: became Hayward St
RIDGLEY,BARTLETT,was,"Bartlett St: was ""Ridgley"" St"
BATH,CARDS FOR NEW ORLEANS,see,Bath St: See cards for New Orleans St
CARDS FOR NEW ORLEANS,BATH,see,Bath St: See cards for New Orleans St
BATH,NEW ORLEANS VIADUCT,see,Bath St: See New Orleans Viaduct
NEW ORLEANS VIADUCT,BATH,see,Bath St: See New Orleans Viaduct
BATH,FOUNDARY,now,Bath St: now Foundary St
JOHNSON,BATTERY,was,Battery Ave: was Johnson St
LINCOLN,BATTERY,was,Battery Ave: was Lincoln
WASHINGTON,BATTERY,was,Battery Ave: was Washington
BATTERY,RIVERSIDE PARK,now,Battery Square: now Riverside Park
BAXTER,GROVE,became part of,Baxter St: became part of Grove St
SNYDER S,BEALE,was,Beale Court: was Snyder’s Court
BEAUTY,PERRY,now,Beauty Alley: now Perry St
BEECH,DUNLIN,became,Beech Ave: became Dunlin St
BEECH,ECCLESTON,became,Beech Ave: became Eccleston St
BEECH,MORRIS,now,Beech Ave: now Morris Ave
BELAIR,GAY,became part of,Belair Ave: became part of Gay St
BELLE AIR,GAY,became part of,Belle Air Ave: became part of Gay St
PALATKA,BELLE,was,Belle Ave: was Palatka Ave
BELMONT,CRYSTAL,see,Belmont Ave: see Crystal Ave
CRYSTAL,BELMONT,see,Belmont Ave: see Crystal Ave
BELMONT,BUCHANAN,now,Belmont Ave: now Buchanan St
COVE,BELNORD,was,Belnord Ave: was Cove St
GROVE,BELNORD,was,Belnord Ave: was Grove St
BELT,GILL,now,Belt Ave: now Gill St
BELT,SKINNER,became,Belt St: became Skinner St
BELT,WORSLEY,became,Belt St: became Worsley St
BELVIDERE,CALVERT,became,Belvidere Terrace: became Calvert St
BRADLEY,BENNETT,was,Bennett Place: was Bradley St
BENNETT,BINNEY,became,Bennett St: became Binney St
BENSON,RUBIN,now,Benson Ave: now Rubin Ave
CARROLL,BENSON,was,Benson St: was Carroll St
BETHEL,APPLE,became part of,Bethel Alley: became part of Apple Court
BETHEL,CRAB,became part of,Bethel Court: became part of Crab Court
BEUREN,BUREN,see,Beuren St: see Buren St
BUREN,BEUREN,see,Beuren St: see Buren St
BEVERLEN,BEVERLY,see,Beverlen St: see Beverly St
BEVERLY,BEVERLEN,see,Beverlen St: see Beverly St
BEVERLIN,BEVERLY,became part of,Beverlin St: became part of Beverly St
BEVERLLLY,BEVERLIN,see,Beverllly St: see Beverlin St
BEVERLIN,BEVERLLLY,see,Beverllly St: see Beverlin St
BEVERLY,GITTINGS,became,Beverly St: became Gittings St
BEY,BAY,became part of,Bey St: became part of Bay St
BIDDLE,BARNABAS,became,Biddle Court: became Barnabas Court
BILLINGSGATE,LOW,now,Billingsgate St: now Low St
GREEN,BLANCHARD,was,Blanchard Lane: was Green Lane
QUEEN,BLOCK,was,Block St: was Queen St
BLOOD,LAMLEY,became,Blood Alley: became Lamley St
BLOOM,BRUNT,see,Bloom Court: see Brunt St
BRUNT,BLOOM,see,Bloom Court: see Brunt St
BLOOM,MISSION,became,Bloom Court: became Mission Court
BLUCHER,WELLINGTON,became,Blucher Ave: became Wellington St
KATE,BOARMAN,was,Boarman Ave: was Kate Ave
JOPPA,BODEN,was,Boden Court: was Joppa Court
BOHEMIA,LINCOLN,became,Bohemia Court: became Lincoln Court
BOKEE,ELLSWORTH,became,Bokee St: became Ellsworth St
BOLTON,BRUNT,became,Bolton Alley: became Brunt St
BOLTON,BROOKFIELD,became part of,Bolton Ave: became part of Brookfield Ave
BOLTON,PRESTON,became,Bolton Terrace: became Preston St
BOND,COSTELLA S,became,Bond St Court: became Costella’s Court
BOND,WIESNEFIELDS,became,Bond St Court: became Wiesnefields Court
CALHOUN,BORN,was,Born Alley: was Calhoun Court
LEHMANS,BORN,was,Born Alley: was Lehmans St
LEHRMAN OR,BORN,was,Born Alley: was Lehrman Alley or Place
BORN,RANKLINE,became,Born Alley: became Rankline St
BUTLER,BOTTLE,was,Bottle Alley: was Butler Court
BOTTLE,DOVER,now,Bottle Alley: now Dover St
BOULDEN,BRUNT,now,Boulden Alley: now Brunt St
BOULDIN,BRUNT,became part of,Bouldin Alley: became part of Brunt St
BOUNDARY,PORT,see,Boundary Ave: see Port Ave
PORT,BOUNDARY,see,Boundary Ave: see Port Ave
BOUNDARY,42ND,became,Boundary Ave: became 42nd St
CAROLINE,BOUNTY,was,Bounty Lane: was Caroline St
BOWEN,SARGEANT,became,Bowen St: became Sargeant St
BOWER,HARE,became,Bower St: became Hare St
BOWHAM,SARGENT,became part of,Bowham St: became part of Sargent St
FRANKLIN,BOWLY,was,Bowly St: was Franklin Lane 1848 Atl 1
BOX,SUTTON,became part of,Box Alley: became part of Sutton St
BOYD,BOOTH,now,Boyd Alley: now Booth St
KING,BOYD,was,Boyd St: was King St
BRADLEY,ASHBURY,became,Bradley Court: became Ashbury Court
LAKE,BRADY,was,Brady Ave: was Lake Ave
BRADY,27TH,became,Brady Ave: became 27th St
BRADY,28TH,became,Brady Ave: became 28th St
BRANDY,PERRY,now,Brandy Alley: now Perry St
HENRIETTA,BRANT,was,Brant St: was Henrietta St
HOPKINS,BRANTLY,was,Brantly St: was Hopkins Ave
CONSTITUTION,BRENTWOOD,was,Brentwood Ave: was Constitution St
BREWER,BRIGHTON,now,Brewer Alley: now Brighton
PART OF TYSON,BREXTON,was,Brexton Alley: was part of Tyson Court
BRICE,HARMISON,became part of,Brice St: became part of Harmison St
BRICE,PRICE,became part of,Brice St: became part of Price St
BRICK HILL,DARBY,became,Brick Hill St: became Darby St
BRICK HILL,OAKINGTON,became,Brick Hill St: became Oakington St
BRICKKILN,BARRE,now,Brickkiln St: now Barre
BRIDGE,ENSOR,see,Bridge St: see Ensor St
ENSOR,BRIDGE,see,Bridge St: see Ensor St
BRIDGE,GAY,see,Bridge St: see Gay St
GAY,BRIDGE,see,Bridge St: see Gay St
SHORT OR,BRIEF,was,Brief Court: was Short St or Court
BRITAIN,HARFORD,see,Britain St: see Harford Ave
HARFORD,BRITAIN,see,Britain St: see Harford Ave
BRITTON,HARFORD,see,Britton St: see Harford Ave
HARFORD,BRITTON,see,Britton St: see Harford Ave
BROADWAY,LEEDS,became part of,Broadway: became part of Leeds St
MARKET,BROADWAY,was,Broadway: was Market St
POINT,BROADWAY,was,Broadway: was Point Rd
BROADWAY,WORTH,now,Broadway: now Worth St
BROADWAY,CONGRESS,became,Broadway Court: became Congress Court
BROADWAY LITTLE,NARROWAY,became,"Broadway, Little: became Narroway Court"
BRONT,BRUNT,became part of,Bront St: became part of Brunt St
BROOKS,TRACTION,became,Brooks Court: became Traction Ave
BROOKS,27TH,now,Brooks St: now 27th St
KAUFMAN,BROUMEL,was,Broumel St: was Kaufman St
BROWN,MCPHAIL,became,Brown Lane: became McPhail St
BROWN,WILL,see,Brown Lane: see Will St
WILL,BROWN,see,Brown Lane: see Will St
BROWN,CLEVELAND,became,Brown St: became Cleveland
BROWN,WYLER,became,Brown St: became Wyler
3RD NOW 22ND,BROWN,was,Brown St: was 3rd now 22nd St
BROWN S,MCPHAIL,see,Brown’s Lane: see McPhail
MCPHAIL,BROWN S,see,Brown’s Lane: see McPhail
BRUNSWICK,RYAN,see,"Brunswick St: see ""Ryan St"""
RYAN,BRUNSWICK,see,"Brunswick St: see ""Ryan St"""
BRUNSWICK,LEMMON,see,"Brunswick St: see ""Lemmon St"""
LEMMON,BRUNSWICK,see,"Brunswick St: see ""Lemmon St"""
BRUNT,MISSION,became,Brunt Court: became Mission Court
BUCHANAN,BELMONT,see,"Buchanan St: see ""Belmont Ave"""
ROSE,BUD,was,Bud Court: was Rose Court
REGRAVE,BUDNITZ,was,Budnitz Court: was Regrave Court
BUREN,BARCLAY,became part of,Buren St: became part of Barclay St
BURKE,MONTFORD,now,Burke St: now Montford Ave
BURNS,CLIFFORD,became part of,Burns Alley: became part of Clifford St
BUSY,YORK,now,Busy Alley: now York St
GARRISON,BUTCHER,was,Butcher Lane: was Garrison Lane
BUTCHER,GARRISON,became,Butcher Lane: became Garrison Lane
BUTCHER S,WYOMING,now,Butcher’s Alley: now Wyoming
BUTCHER S,BUTCHER S ROW,see,Butcher’s Lane: see Butcher’s Row
BUTCHER S ROW,BUTCHER S,see,Butcher’s Lane: see Butcher’s Row
BUTCHER S,RETREAD,became,Butcher’s Lane: became Retread St
BUTCHER S ROW,RETREAD,became,Butcher’s Row: became Retread St
BUTLER S,BEVAN,became,Butler’s Alley: became Bevan St
LINDEN,CAIRNES,was,Cairnes Lane: was Linden Lane
CALHUN,CALHOUN,see,Calhun Alley: see Calhoun Court
CALHOUN,CALHUN,see,Calhun Alley: see Calhoun Court
CALLAWAY,ALLENDALE,became,Callaway Ave: became Allendale St
CALLANDAR,CALLENDAR,became,Callandar Alley: became Callendar St
CALVIN,COLVIN,see,Calvin Place: see Colvin Place
COLVIN,CALVIN,see,Calvin Place: see Colvin Place
CALVIN,MURA,became part of,Calvin Place: became part of Mura St
CAMDEN,ROSE,see,Camden Alley: see Rose St
ROSE,CAMDEN,see,Camden Alley: see Rose St
CAMEL,CAMLET,became,Camel Alley Court: became Camlet Court
CAMP,24TH,now,Camp St: now 24th St
ARCHER,CAMPBELL,was,Campbell St: was Archer
WALKER,CAMPBELL,was,Campbell St: was Walker
MADEIRA,CANARY,was,Canary Court: was Madeira Court
CANBY,LEXINGTON,became part of,Canby Place: became part of Lexington St
CANNON,MILTON,became,Cannon St: became Milton Ave
ROGERS,CANNON,was,Cannon St: was Rogers St
CANTON,FLEET,became,Canton Ave: became Fleet St
FLEET,CANTON,was,Canton Ave: was Fleet St
CANTON,ELLWOOD,became,Canton St: became Ellwood St
CARROLL,LEEDS,became part of,Carroll Ave: became part of Leeds St
CARROLL,MULLEN,became,Carroll Ave: became Mullen St
CARROLL,OLD PAINE,became,Carroll Ave: became Old Paine St
CARROLL,DOVER,now,Carroll Court: now Dover St
CARROLL,PACA,now,Carroll St: now Paca St
CARROLL,STRICKLAND,became,Carroll St: became Strickland St
REPUBLICAN,CARROLLTON,was,Carrollton Ave: was Republican St
CARROLLTON,STAFFORD,became part of,Carrollton St: became part of Stafford St
WILSON,CARSON,was,Carson Court: was Wilson Lane
LITTLE WILSON,CARSON,was,Carson Court: was Little Wilson St
WASHINGTON,CARSWELL,was,Carswell St: was Washington St
SHERMAN,CARTER,was,Carter St: was Sherman Place
COLVIN,CARWELL,was,Carwell Ave: was Colvin Ave
CASCARA,MONASTERY,became part of,Cascara St: became part of Monastery Ave
CASCARA,WESLEY,see,"Cascara St: see ""Wesley Ave"""
WESLEY,CASCARA,see,"Cascara St: see ""Wesley Ave"""
WESLEY,CASCARS,was,Cascars St: was Wesley St
CASTLE,BOHEMIA,became part of,Castle Court: became part of Bohemia Court
CASTLE,ROOK,became,Castle Court: became Rook Court
CASTLE,CHATHAM,now,Castle St: now Chatham St
CATHEDRAL,OLD FALLS,see,"Cathedral St: see ""Old Falls Rd"""
OLD FALLS,CATHEDRAL,see,"Cathedral St: see ""Old Falls Rd"""
CATHERINE,FOX,became part of,Catherine St: became part of Fox St
CAUSEWAY,WHEELER,became part of,Causeway St: became part of Wheeler St
CECIL,OHIO,now,Cecil Alley: now Ohio Ave
CECIL,STANFORD,became,Cecil Avenue: became Stanford Place
PART OF VALLEY,CECIL,was,Cecil Avenue: was part of Valley St
CEDAR,BARNABAS,became,Cedar Court: became Barnabas Court
CEDAR,FIR,became,Cedar Lane: became Fir Lane
CEDAR ROW,BARNABAS,became,Cedar Row: became Barnabas Court
CEMETERY,FAITH,became,Cemetery Ave: became Faith Lane
CANAL,CENTRAL,was,Central Ave: was Canal St
HARFORD,CENTRAL,was,Central Ave: was Harford St
CENTRAL,ROLAND,now,Central Ave: now Roland Ave
CENTRAL ANNEX,ROLAND,now,Central Ave Annex: now Roland Ave
CENTRE,LITTLE GREENE,now,Centre Lane: now Little Greene St
CENTRE MARKET,MARKET,became,Centre Market Place: became Market Place
CHAMBERLAIN,EUTAW,now,Chamberlain Alley: now Eutaw Court
CHAPLE,BOHEMIA,became,Chaple Alley: became Bohemia Court
LITTLE PLEASANT,CHAPLE,was,Chaple Ave: was Little Pleasant
PATERSON,CHAPLE,was,Chaple Ave: was Paterson Lane
CHAPLE,LAMLEY,became,Chaple Court: became Lamley St
CHAPLE,EVANS,became part of,Chaple Lane: became part of Evans Rd
CHAPPELL,SCHOOL,became,Chappell St: became School St
CHARLES,BARNETT PLAT,see,Charles St: see Barnett plat n.d. Atl 2
BARNETT PLAT,CHARLES,see,Charles St: see Barnett plat n.d. Atl 2
CHARLES,FREMONT,now part of,Charles St: now part of Fremont St
FREMONT,CHARLES,was,Charles St: was Fremont
GOODMAN,CHARLES,was,Charles St: was Goodman St
CHARLES,SMITH WILLIAMS PLATATL 2,see,Charles St: see Smith & Williams platAtl 2
SMITH WILLIAMS PLATATL 2,CHARLES,see,Charles St: see Smith & Williams platAtl 2
CHATHAM,FAYETTE,now,Chatham St: now Fayette St n.d. Atl 1 ½&6
CHATSWORTH,MYRTLE,now,Chatsworth St: now Myrtle Ave
CHEAPSIDE DOCK,CHEAPSIDE,was,Cheapside St: was Cheapside Dock
CHESAPEAKE,PIEDMONT,now,Chesapeake Ave: now Piedmont Ave
CHESAPEAKE,LEXINGTON,became part of,Chesapeake Place: became part of Lexington St
CHESAPEAKE,KENWOOD,now,Chesapeake St: now Kenwood Ave
CHESTER,DIETRICH,became,Chester Court: became Dietrich Court
COUNTY,CHESTER,was,Chester St: was County St
CHESTNUT,BRADLEY,now,Chestnut Alley: now Bradley St
CHESTNUT,DENVER,now,Chestnut Alley: now Denver St
CHESTNUT 2,BRADLEY,became,Chestnut Alley #2: became Bradley St
CHESTNUT,ASHBURY,became,Chestnut Alley Court: became Ashbury Court
CHESTNUT,ELGIN,now,Chestnut Ave: now Elgin Ave
CHESTNUT,COLVIN,now,Chestnut St: now Colvin St
POTTER,CHESTNUT,was,Chestnut St: was Potter St
CHESTNUT,SHARP,now part of,Chestnut St: now part of Sharp St
UNION FROM BRIDGE TO NORTH,CHESTNUT,was,"Chestnut St: was Union St from Bridge (now Gay) St to North (now Hillen) St n.d. Atl 1,4&6"
CHEW,NEIGHBOR,now,Chew St: now Neighbor
GRIFFIN,CHOPTANK,was,Choptank Court: was Griffin Court
CHOPTANK,COLLINGTON,now,Choptank St: now Collington Ave
CHURCH,RECTORY,became part of,Church Lane: became part of Rectory Lane
CHURCH,CHAPLE,see,Church St: see Chaple Lane
CHAPLE,CHURCH,see,Church St: see Chaple Lane
CHURCH,EVANS,became part of,Church St: became part of Evans Rd
SHUGAR OR SUGAR,CHURCH,was,Church St: was Shugar or Sugar St
CHURCH,SUMMERFIELD,became,Church St: became Summerfield St
CLAGGETT,NEALE,see,"Claggett St: see ""Neale St"""
NEALE,CLAGGETT,see,"Claggett St: see ""Neale St"""
CLAGGETT,WELLS,became part of,Claggett St: became part of Wells St
CLARE,MONROE,now,Clare St: now Monroe St
MONROE,CLARE,see,Clare St: see Monroe St
CLARET,BRADFORD,now,Claret Alley: now Bradford St
CLARET,BRISCOE,became,Claret Alley: became Briscoe St
CLARK,CRIER,became,Clark Court: became Crier Court
CLARK,EDMONDSON,now,Clark St: now Edmondson Ave
GROVER,CLARK,was,Clark St: was Grover St
STATE,CLAY,was,Clay St: was State St
CLEMENT,GITTINGS,became part of,Clement St: became part of Gittings St
WATER,CLEMENT,was,Clement St: was Water St
CLARK,CLERK,was,Clerk Court: was Clark Court
CLEVELAND,STEPHEN,became,Cleveland Ave: became Stephen Ave
PART OF OGSTON,CLIFTON,was,Clifton Ave: was part of Ogston St
CONSTITUTION,CLIFTON,was,Clifton Place: was Constitution St
CLINTON,OGSTON,became,Clinton Ave: became Ogston St
CLIPPER,MILLRACE,became,Clipper Ave: became Millrace Rd
CLIPPER ROW,CLIPP,see,Clipper Row: see Clipp Ave
CLIPP,CLIPPER ROW,see,Clipper Row: see Clipp Ave
CLOPPER SPRINGS,SPRINGS,see,Clopper Springs: see Springs
SPRINGS,CLOPPER SPRINGS,see,Clopper Springs: see Springs
COACH,2ND,now,Coach Alley: now 2nd
FORREST,COAKLEY,was,Coakley Ave: was Forrest St
COAKLEY,FOREST PARK,became,Coakley Ave: became Forest Park Ave
COKESBURY,24TH,became part of,Cokesbury Ave: became part of 24th St
COLLINS,ELBOW,became,Collins Court: became Elbow Court
COLLINS,ROCK,became,Collins Court: became Rock St
COLLINS,WEAVER,became,Collins St: became Weaver St
COLLINSON,WEBB,became,Collinson Court: became Webb St
ELKRIDGE,COLUMBIA,was,Columbia Ave: was Elkridge Rd
GEORGETOWN,COLUMBIA,was,Columbia Ave: was Georgetown Rd
WASHINGTON,COLUMBIA,was,Columbia Ave: was Washington Ave
COLUMBIA,FALLS,now,Columbia St: now East Falls n.d. Atl 2
COLUMBIA,GRANBY,now,Columbia St: now Granby St
COLVIN,MURA,became,Colvin Place: became Mura St
UNION,COLVIN,was,Colvin St: was Union St
MEYER,COMB,was,Comb Alley: was Meyer Court
COMMERCE,HOLLIDAY,now,Commerce Lane: now Holliday St
PART OF HOLLIDAY,COMMERCE,was,Commerce St: was part of Holliday St
COMMERCIAL,KEY,became,Commercial Highway: became Key Highway
ALSO WATERFRONT,COMMERCIAL,was,Commercial Highway: was also Waterfront St
CONAWAGO,CONNAWAGO,see,Conawago St: see Connawago St
CONNAWAGO,CONAWAGO,see,Conawago St: see Connawago St
CONCORD,DOCK,see,Concord St: see Dock St
DOCK,CONCORD,see,Concord St: see Dock St
CONCORD,UNION DOCK,see,Concord St: see Union Dock
UNION DOCK,CONCORD,see,Concord St: see Union Dock
CONCORD,UNION,see,Concord St: see Union St
UNION,CONCORD,see,Concord St: see Union St
CONCORD,WAGNER,now,Concord St: now Wagner St
CONCORD,WARDEN,became,Concord St: became Warden St
CONEWAGO,CONEWANGO,see,Conewago St: see Conewango St
CONEWANGO,CONEWAGO,see,Conewago St: see Conewango St
CONEWAGO,LEXINGTON,see,Conewago St: see Lexington St
LEXINGTON,CONEWAGO,see,Conewago St: see Lexington St
CONNAWAGO,LEXINGTON,now,Connawago St: now Lexington St
CONSOLIDATED R R,C R R,see,Consolidated R R: see N C R R
C R R,CONSOLIDATED R R,see,Consolidated R R: see N C R R
JEFFERSON,CONWAY,was,Conway St: was Jefferson St
COOK,PATTERSON,now,Cook St: now Patterson Ave
COOKE,PATTERSON,now,Cooke St: now Patterson Ave
CROSS,COOPER,was,Cooper Court: was Cross St Court
COOPER,KUPER,see,Cooper Place: see Kuper Place
KUPER,COOPER,see,Cooper Place: see Kuper Place
COOPER,DOVER,became part of,Cooper Place: became part of Dover St
CORK,MARKET SPACE,now,Cork St: now Market Space
LITTLE PACA,CORNELL,was,Cornell St: was Little Paca St
COTTAGE,GUTMAN,became,Cottage Ave: became Gutman Ave
COTTAGE,KINGSLEY,became,Cottage Ave: became Kingsley St
COURTLAND,PAUL,became part of,Courtland St: became part of St Paul Place
COVE,FREMONT OR,now,Cove St: now Fremont St or Ave
COVE,FREMONT,now,Cove St: now Fremont St
LEONARD,COVINGTON,was,Covington St: was Leonard St
4TH,COVINGTON,was,Covington St: was 4th St
COWPEN,GARRETT,now,Cowpen Alley: now Garrett St
PARK,COWPEN,was,Cowpen Alley: was Park Lane
OAK,COX,was,Cox St: was Oak St
COX,OBER,became,Cox St: became Ober St
GRINDALL,CRANDALL,was,Crandall Court: was Grindall Court
THOMPSON,CRAWFORD,was,Crawford St: was Thompson Ave
PATAPSCO,CREAMER,was,Creamer Alley: was Patapsco Ave
GEORGE,CRISP,was,Crisp St: was George St
CROMWELL,HOMEWOOD,became part of,Cromwell St: became part of Homewood Ave
PART OF 10,CROOKED,was,Crooked Lane: was part of 10’ Lane
CROSS,PIERCE,became,Cross Alley: became Pierce St
HAGUE,CROSS,was,Cross St: was Hague St
CROSS,36TH IN HAMPDEN,became,Cross St: became 36th St in Hampden
KELLY,CROWTHER,was,Crowther Alley: was Kelly Place
OAK IN HAMPDEN,CROWTHER,was,Crowther Alley: was Oak Ave in Hampden
CRYSTAL,BUCHANAN,became part of,Crystal Ave: became part of Buchanan St
ORCHARD,CULLISON,was,Cullison Court: was Orchard Court
CUMBERLAND,REFUGE,became,Cumberland Court: became Refuge Court
PART OF CHESAPEAKE,CURLEY,was,Curley St: was part of Chesapeake St
FORMAN,CUSTOM HOUSE,was,Custom House Ave: was Forman St
POST OFFICE,CUSTOM HOUSE,was,Custom House Ave: was Post Office Ave
DOUGLAS,DALLAS,was,Dallas St: was Douglas Place
STATE,DALLAS,was,Dallas St: was State St
WEBSTER,DAMMANN,was,Dammann Court: was Webster Court
DARK,STEWART,now,Dark Lane: now Stewart Court
DAVID,ASH,became,David St: became Ash St
DAVIS,HUNTER,became,Davis St: became Hunter St
PEARL,DAVIS,was,Davis St: was Pearl St n.d. Atl 2
DAWSON,OTTERBEIN,became part of,Dawson Alley: became part of Otterbein
DAWSON,BELNORD,became part of,Dawson St: became part of Belnord
HARE,DECKER,was,Decker Ave: was Hare St
DECKER,MARYLAND,now,Decker St: now Maryland Ave
DELUOL,LITTLE MONUMENT,now,Deluol Alley: now Little Monument St n.d. Atl 3
MOORE,DULEOL,was,Duleol Court: was Moore Court
WALDHEIM,DENISON,was,Denison St: was Waldheim
THOMAS,DEVED,was,Deved Court: was Thomas Ct n.d. n.m.
DEVON,SHUTTER,now,Devon St: now Shutter St
DEWBERRY,CARLTON,now,Dewberry Alley: now Carlton St
DEXTER,DECKS,became,Dexter Alley: became Decks Court
DIAGONAL,GREENWAY,became,Diagonal St: became Greenway Ave
JEPHSON,DICKMAN,was,Dickman St: was Jephson
DIVISION,SWEET AIR IN HAMPDEN,became,Division St: became Sweet Air St in Hampden
MONTEBELLO,DOBLES,was,Dobles Ave: was Montebello Ave
DOCK,ELLICOTS DOCK,now,Dock Alley: now Ellicots Dock n.d. Atl 1
DOCK,ELLICOTT,now,Dock Alley: now Ellicott St n.d. Atl 1
DOCK,DALLAS,now,Dock St: now Dallas St
DOCK,OLER,became,Dock St: became Oler St
DOCTOR S,NEIGHBOR,now,Doctor’s Lane: now Neighbor
MADISON,DOLLY,was,Dolly Court: was Madison Court
DONNELL S,DONNELLY,see,Donnell’s Court: see Donnelly Court
DONNELLY,DONNELL S,see,Donnell’s Court: see Donnelly Court
DORSEY S,CATON,now,Dorsey’s Lane: now Caton Ave
DORSEY S,KIRBY S,see,"Dorsey’s Lane: see ""Kirby’s Lane"""
KIRBY S,DORSEY S,see,"Dorsey’s Lane: see ""Kirby’s Lane"""
DOUGLASS,LEXINGTON,now,Douglass St: now Lexington St
MCELDERRY,DUGLASS,was,Duglass St: was McElderry St
BOTTLE EAST FROM SHARP,DOVER,was,Dover St: was Bottle Alley east from Sharp St n.d. Atl 2
PART OF COOPER,DOVER,was,Dover St: was part of Cooper Place
HANOVER FROM HANOVER TO CAMDEN,DOVER,was,Dover St: was Hanover La from Hanover St to Camden Lane n.d. Atl 5
IRVING,DOVER,was,Dover St: was Irving St
KUPER,DOVER,was,Dover St: was Kuper Place
DRUID,CLIPPER,see,Druid Ave: see Clipper Ave
CLIPPER,DRUID,see,Druid Ave: see Clipper Ave
DRUID HEIGHTS,PIMLICO,became,Druid Heights Ave: became Pimlico Blvd
LITTLE ROSS,DRUID HILL,was,Druid Hill Ave: was Little Ross
ROSS,DRUID HILL,was,Druid Hill Ave: was Ross St n.d. Atl 2 ½
DRUID HILL,CLOVERDALE,became part of,Druid Hill Terrace: became part of Cloverdale Rd
DUKE,GRANBY,now,Duke St: now Granby St n.d. Atl 4
DUKELAND,MOSHER,became part of,Dukeland Ave: became part of Mosher St
FLORENCE,DUKELAND,was,Dukeland St: was Florence St
DULANY,BALTIMORE,now,Dulany St: now Baltimore St n.d. Atl 1
BEECH,DULIN,was,Dulin St: was Beech Ave
DUTCH,MARION,now,Dutch Alley: now Marion St
DUTCH BROADWAY,LEEDS,became part of,Dutch Broadway: became part of Leeds St
EAGAR,STATE,now,Eagar Alley: now State St n.d. Atl 1
EAGER,STATE,became,Eager Alley: became State St
QUAY,CENTRAL,now part of,East Quay: now part of Central Ave
MILK,EASTERN,was,Eastern Ave: was Milk St
EASTERN,UNION DOCK,see,Eastern Ave: see Union Dock
UNION DOCK,EASTERN,see,Eastern Ave: see Union Dock
WILKES,EASTERN,was,Eastern Ave: was Wilkes St
EDEN,NOLAN,became part of,Eden St Court: became part of Nolan Ave
EDGAR,PORT,became part of,Edgar Place: became part of Port St
THOMPSON,EDMONDSON,was,Edmondson Ave: was Thompson St
EDWARDS,COLD SPRING,see,Edwards Ave: see Cold Spring Lane
COLD SPRING,EDWARDS,see,Edwards Ave: see Cold Spring Lane
EISLEN,ICELAND,now,Eislen St: now Iceland St
ELBOW,CAMDEN,became,Elbow Lane: became Camden St
STEWART,ELBOW,was,Elbow Court: was Stewart Court
ELBOW,EISLEAN,became part of,Elbow Lane: became part of Eislean St
ELIZABETH,MARSHALL,became part of,Elizabeth St: became part of Marshall St
ELK RIDGE,COLUMBIA,now,Elk Ridge Rd: now Columbia Ave
ELLS,CLAGGETT,see,Ells St: see Claggett St
CLAGGETT,ELLS,see,Ells St: see Claggett St
ELM,LORD,became,Elm St: became Lord St
JOHN,ENON,was,Enon Alley: was John Lane
PETTICOAT,ENSOR,was,Ensor Court: was Petticoat Lane
KENNEDY,ENSOR,was,Ensor St: was Kennedy Ave
ERWIN,IRVINGTON,became part of,Erwin St: became part of Irvington St
CARROLL,ETHELWOOD,was,Ethelwood Lane: was Carroll Ave
EUTAW,PIERCE,became part of,Eutaw Court: became part of Pierce St
GIBSON,EUTAW,was,"Eutaw St: was ""Gibson"" 1850 S I"
EVANS CHAPLE,EVANS,became,Evans Chaple Rd: became Evans Rd
4TH,EVERGREEN,was,Evergreen St: was 4th St
EVERGREEN,AUCHENTOROLY,became part of,Evergreen Terrace: became part of Auchentoroly Terrace
PARK,EVERHART,was,Everhart St: was Park Ave
WILSON,EWER,was,Ewer Ct: was Wilson Court
EXCHANGE,LOMBARD,became,Exchange Pl: became Lombard n.d. Atl 1
GREEN,EXETER,was,Exeter St: was Green St
UNION,EXETER,was,Exeter St: was Union St
JACKSON,FAIRMOUNT,was,Fairmount: was Jackson Square
FAIRMOUNT,LAMLEY,now,Fairmount: now Lamley St
HAMPSTEAD HILL,FAIRMOUNT,was,Fairmount Ave: was Hampstead Hill
FAIRMOUNT,MCCURLEY,became,Fairmount Ave: became McCurley St
FAIRMOUNT,MONTROSE,became,Fairmount Ave: became Montrose St
SLIGH S,FAIRMOUNT,was,Fairmount Ave: was Sligh’s Lane
LANCASTER,FAIT,was,Fait Ave: was Lancaster Ave
FALLS,LATROBE,now,Falls Alley: now Latrobe St
LIFFY,FALLS,was,Falls Ave: was Liffy St
FALLS,TERMINAL,became,Falls St: became Terminal St
TURNER,FAWCETT,was,Fawcett St: was Turner Place
LITTLE,FAWN,was,Fawn St: was Little St
LITTLE YORK,FAWN,was,Fawn St: was Little York St
YORK,FAWN,was,Fawn St: was York St
OR,FAYETTE,was,Fayette St: was East Lane or St
FROM CALVERT NEAR GAY,FAYETTE,was,Fayette St: was East Lane from Calvert St near Gay St n.d. Atl 1&4
FROM NORTH TO GAY,FAYETTE,was,"Fayette St: was East St from North Lane (now North St) to Gay St n.d. Atl 1,5&6"
KING TAMMANY,FAYETTE,was,Fayette St: was King Tammany St
PITT,FAYETTE,was,Fayette St: was Pitt St
WAPPING,FAYETTE,was,Fayette St: was Wapping St
FEDERAL,MORTON,became part of,Federal Ct: became part of Morton St
FEDERAL,MADEIRA,became part of,Federal Place: became part of Madeira St
OLD YORK,FEDERAL,was,Federal St: was Old York Rd
PITT,FELL,was,Fell St: was Pitt St
FELL,THAMES,now part of,Fell St: now part of Thames St
FELLS POINT,MARKET,see,Fells Point: see Market St
MARKET,FELLS POINT,see,Fells Point: see Market St
FELLS POINT,POINT,see,Fells Point Rd: see Point Rd
POINT,FELLS POINT,see,Fells Point Rd: see Point Rd
PITT,FELLS,was,Fells St: was Pitt St
FELLS,THAMES,now,Fells St: now Thames St
FERRY POINT,LIGHT,see,Ferry Point Rd: see Light St 1928 M3077
LIGHT,FERRY POINT,see,Ferry Point Rd: see Light St 1928 M3077
LIMOND,FINCK,was,Finck Ct: was Limond (Limont) Place
FISH,FISH MARKET SPACE,was,Fish Market Space: was Fish St
FISH,SARATOGA,now,Fish St: now Saratoga St
FOREST,COAKLEY,became,Forest Ave: became Coakley Ave
FORMAN,POST OFFICE,became,Forman St: became Post Office Ave
FORREST,FURROW,became part of,Forrest Alley: became part of Furrow St
FORREST,MALLORY,became,Forrest Ave: became Mallory Lane
FORREST,LITTLE SHARP,now,Forrest Lane: now Little Sharp St
HARMONY,FORREST,was,Forrest Place: was Harmony St
FORREST,LIGHT,now,Forrest Rd: now Light St
FORREST,CHARLES,now,Forrest St: now Charles St
FRIENDSHIP,FORREST,was,Forrest St: was Friendship St
ALICEANNA,FOSTER,was,Foster Ave: was Aliceanna St
FOSTER,BREVARD,became part of,Foster St: became part of Brevard St
FOUNDRY,BATH,became part of,Foundry St: became part of Bath St
GWYNN,FOUNT HILL,was,Fount Hill Ave: was Gwynn St
FREDERICK,LEONARD,became,Frederick St: became Leonard St
TO NEWINGTON FROM TO GEORGETOWN TO BALTIMORE ST1792ATL 4,FREMONT,was,"Fremont Ave: was ""Road to Newington"" from Road to Georgetown (Columbia Ave) to Baltimore St1792Atl 4"
NEWINGTON,FREMONT,was,Fremont St: was Newington Rd
FRENCH,WATER,became,French Alley: became Water St
OLD JOPPA,FRENCH,was,French St: was Old Joppa Rd
11TH,FRIENDSHIP,was,Friendship Ave: was 11th St
FRIENDSHIP,13TH,became part of,Friendship Ave: became part of 13th St
FRIENDSHIP,30TH,now,Friendship Ave: now 30th St
REPUBLICAN,FRISBY,was,Frisby St: was Republican St
FRONT,MATTEWS,see,Front St: see Mattews
MATTEWS,FRONT,see,Front St: see Mattews
FRENCH,FRONT,was,Front St: was French St
JONE,FRONT,was,Front St: was Jone St
FRONT,PACIFIC,became,Front St: became Pacific St
FRONT,SENACA,became,Front St: became Senaca St
SHORT,FRONT,was,Front St: was Short St
SMITH,FRUIT,was,Fruit Court: was Smith Court
JONES,FUGLE,was,Fugle Alley: was Jones St
KNOWN AS WHITELOCK,FULTON,was,Fulton Ave: was known as Whitelock St
FULTON,KAVANAUGH,became,Fulton Terrace: became Kavanaugh St
GARDEN,A W B,see,Garden St: see A W B n.d. Atl 3
A W B,GARDEN,see,Garden St: see A W B n.d. Atl 3
GARRETT,REYNOLDS,became part of,Garrett Ave: became part of Reynolds St
REYNOLDS,GARRETT,was,Garrett Ave: was Reynolds Ave
GARRETT,VALLEY,became part of,Garrett Ave: became part of Valley St
GARRETT PARK,LEXINGTON,became part of,Garrett Park Place: became part of Lexington St
PARK,GARRETT,was,Garrett St: was Park Lane
GARRETT,VOYCE,became,Garrett St: became Voyce St
GARRISON FORREST,GARRISON,see,Garrison Forrest Rd: see Garrison Lane
GARRISON,GARRISON FORREST,see,Garrison Forrest Rd: see Garrison Lane
GARTS,GILMOR,now,"Garts Lane: now ""Gilmor St"" 1850 Atl B"
GATES,JOHNSON,now,Gates St: now Johnson St n.d. Atl 2 ½
3RD,GATES,was,Gates St: was 3rd St
HAGAN,GEIGAN,was,Geigan Alley: was Hagan Court
PART OF GOUGH,GEORGE,was,George St: was part of Gough St
GEORGE,THAMES,now,George St: now Thames St
GERMAN FROM SHARP TO CHARLES,GERMAN,was,German St: was German Lane from Sharp St to Charles St n.d. Atl 2 ½
GERMAN,PRATT,now part of,German St: now part of Pratt St
GERMAN,REDWOOD,became,German St: became Redwood St
GETZ,WILCOX,see,Getz Ave: see Wilcox St
WILCOX,GETZ,see,Getz Ave: see Wilcox St
HAMILTON,GIBBONS,was,Gibbons Ave: was Hamilton Ave
GILMOR,VINYARD,became,Gilmor Lane: became Vinyard La
GIRARD,FEDERAL,became part of,Girard Ave: became part of Federal St
GIRARD OR,28TH,became part of,Girard Ave or St: became part of 28th St
GIRARD TERR,HUNTER,became part of,Girard Terr: became part of Hunter St
GITTINGS OR,POULTNEY,became,Gittings Court or Lane: became Poultney St
WATER,GITTINGS,was,Gittings St: was Water St
GLEN,CHERRY,see,Glen Ave: see Cherry Ave
CHERRY,GLEN,see,Glen Ave: see Cherry Ave
GLENN,CARROLLTON,now,"Glenn St: now ""Carrollton Ave"""
GOLDSMITH,HARGEST,became,Goldsmith Lane: became Hargest Lane
GOODLOE,BOYD,now,"Goodloe Alley: now ""Boyd St"""
GORDON,41ST,became part of,Gordon Ave: became part of 41st St
GOUGH LITTLE,ROGERS,became part of,Gough St Little: became part of Rogers Ave
GOULD,WEBER,became part of,Gould Lane: became part of Weber St
GOULDS,PEPPER,became,Goulds Court: became Pepper Ct
GRACE,RIDGEWOOD,see,Grace Ave: see Ridgewood Ave
RIDGEWOOD,GRACE,see,Grace Ave: see Ridgewood Ave
GRANBY,HIGH,now,Granby St: now High St
PARK,GRAVEL,was,"Gravel Alley: was ""Park Lane"""
UNION,GREEN,was,"Green St: was ""Union"" n.d. Atl 1"
GREENMOUNT,YORK TNPK,see,Greenmount Ave: see York Rd Tnpk
YORK TNPK,GREENMOUNT,see,Greenmount Ave: see York Rd Tnpk
GREEN S,SASSAFRAS,became,Green’s Court: became Sassafras Ct
GREENWICH,GREENWILLOW,now,"Greenwich St: now ""Greenwillow St"""
ROBINSON,GRIFFIN,was,Griffin Court: was Robinson Court
GRIFFITH,26TH,became,Griffith St: became 26th St
GROVE,STREEPER,became part of,Grove St: became part of Streeper St
GROVER,LANSING,became part of,Grover Place: became part of Lansing St
GRUNDY,PARK,now,"Grundy Place: now ""Park Place"""
GRUNDY,PARK OR PARK,now,Grundy St: now Park Ave or Park Place n.d. Atl B
GUILFORD,MCALLISTER,became,Guilford Place: became McAllister St
GUILFORD,BALDERSTON,became part of,Guilford St: became part of Balderston St
PART OF GUILFORD,GUILFORD,was,Guilford Terrace: was part of Guilford Ave
H,CANAL,became,H Alley: became Canal St
EDEN,H,was,H Alley: was Eden Court
HENRY,HAL,was,Hal Court: was Henry Court
HALL S ADDITION,ALSO SLIGH S HALLS ADDITION,see,Hall’s Addition: see also Sligh’s & Halls Addition 1839 Atl1&3
ALSO SLIGH S HALLS ADDITION,HALL S ADDITION,see,Hall’s Addition: see also Sligh’s & Halls Addition 1839 Atl1&3
HAMILTON,EUTAW,became part of,Hamilton Terrace: became part of Eutaw St n.d. n.m.
HAMPDEN,PYM,became,Hampden Ave: became Pym Ave
SMITH,HAMPSTEAD,was,Hampstead Court: was Smith Court
EDEN NOW FAIRMOUNT,HAMPSTEAD,was,Hampstead St: was Eden now Fairmount Ave
HANOVER,DOVER,now part of,Hanover Lane: now part of Dover St
HAPPY,DURHAM,now,Happy Alley: now Durham St
KNOWN AS BALTIMORE,HARFORD,was,Harford Ave: was known as Baltimore St
KNOWN AS ENSOR,HARFORD,was,Harford Ave: was known as Ensor St
CANAL,HARFORD,was,Harford St: was Canal St
HARFORD,GAY,now,Harford St: now Gay St
PARK,HARGROVE,was,Hargrove Alley: was Park Lane
HARLEM,HARLEM PARK,was,Harlem Park: was Harlem Square
HARMONY,SARAH ANN,now,Harmony Lane: now Sarah Ann
HARRIS,BELNORD,became part of,Harris Alley: became part of Belnord Ave
HARRISON,VALLEY,became part of,Harrison St: became part of Valley St
HENRY,HARRY,was,Harry Court: was Henry Court
HARWOOD,KATE,became part of,Harwood Ave: became part of Kate Ave
HARWOOD,LORRAINE,became,Harwood Ave: became Lorraine Ave
PENNINGTON,HAWKINS POINT,was,Hawkins Point Rd: was Pennington Ave
WILSON,HENDERSON,was,Henderson St: was Wilson St
STERRETT,HENRIETTA,was,Henrietta St: was Sterrett St
HIGH,HYDE,became,High Court: became Hyde Ct
HILL,GLENWOOD,became part of,Hill St: became part of Glenwood Ave
1ST,HILLDALE,was,Hilldale Ave: was 1st Ave
NORTH,HILLEN,was,Hillen St: was North
RUSSELL TERR,HILLOCK,was,Hillock Alley: was Russell Terr
KEYSER,HILLSIDE,was,Hillside Ave: was Keyser St
JOHNSON,HIND,was,Hind St: was Johnson
HIND,RIVERSIDE,now,Hind St: now Riverside
MAPLE,HOFF,was,Hoff St: was Maple Ave
HOFFMAN,KEYSER,became part of,Hoffman Place: became part of Keyser St
HOFFMAN S,PHELPS,became,Hoffman’s Lane: became Phelps Lane
HOG,BURKETT S,became part of,Hog Alley: became part of Burkett’s Court
HOHENHOFF,WELDON,became,Hohenhoff Pkwy: became Weldon Ave
HOLLAND,WILCOX,became part of,Holland Alley: became part of Wilcox St
HOLLAND,LEXINGTON,now,Holland St: now Lexington
10TH,HOLMES,was,Holmes St: was 10th St
HOLMES,29TH,now,Holmes St: now 29th St
HUGHES,HOME,was,Home Court: was Hughes Court
MOALE,HOMESPUN,was,Homespun Alley: was Moale (Mould) Lane
WAYNE,HOMESPUN,was,Homespun Alley: was Wayne St
JEFFERSON,HOMESTEAD,was,Homestead St: was Jefferson St
MCKIM,HOMEWOOD,was,"Homewood Ave: was ""McKim"""
HOMEWOOD,29TH,became part of,Homewood Ave: became part of 29th St
HONEY,HUGHES,now,"Honey Alley: now ""Hughes St"""
ADDISON OR,HOOD,was,Hood St: was Addison Alley or St
HOOPER,O BRIEN,became,Hooper Court: became O’Brien Court
WARNER,HOPEWELL,was,Hopewell Court: was Warner Place
ANN,HOPKINS,was,"Hopkins Ave: was ""Ann St"""
HORN,MORRIS,became part of,Horn Ave: became part of Morris St
HORN,HENNEMAN,became part of,Horn St: became part of Henneman St
HORSE MARKET SPACE,SWAN,now,"Horse Market Space: now ""Swan St"""
HOSPITAL,MCELDERRY,now,"Hospital St: now ""McElderry"""
HOUSER,HAUSER,see,Houser St: see Hauser St
HAUSER,HOUSER,see,Houser St: see Hauser St
KNOWN AS BOLTON,HOWARD,was,"Howard St: was known as ""Bolton St"""
KNOWN AS PACA,HOWARD,was,Howard St: was known as Paca St
EDEN,HUBBARD,was,Hubbard Alley: was Eden Court
SHIPLEY,HUBNER,was,Hubner St: was Shipley St
HUCKLEBERRY,OHIO,now,"Huckleberry Alley: now ""Ohio Ave"""
HULL S OR,MAY,became part of,Hull’s Alley or Lane: became part of May St
HUNTINGDON,25TH,now,"Huntingdon Ave: now ""25th St"""
TALBOT OR TALBOTT,HUTTON,was,Hutton Rd: was Talbot or Talbott Ave
ICELAND,EISELIN,see,"Iceland St: see ""Eiselin St"""
EISELIN,ICELAND,see,"Iceland St: see ""Eiselin St"""
28,ILCHESTER,was,Ilchester Ave: was 28 ½ St
INNT,ROSE INTERSECTIONS OF VARIOUS STS BIDDLE BELVIDERE NORTH STS,see,Innt St: see Rose Alley Intersections of various Sts: Biddle & Belvidere & North Sts n.d. Atl 2 ½ Biddle George Sts & Ch
ROSE INTERSECTIONS OF VARIOUS STS BIDDLE BELVIDERE NORTH STS,INNT,see,Innt St: see Rose Alley Intersections of various Sts: Biddle & Belvidere & North Sts n.d. Atl 2 ½ Biddle George Sts & Ch
REGISTER,IRVINE,was,Irvine Pl: was Register St
IRVING,COLLINS,became part of,Irving Ave: became part of Collins Ave
IRVING,KUPER,became,Irving St: became Kuper St
IRVINGTON,AUGUSTA,now,"Irvington Ave: now ""Augusta Ave"""
PART OF REGISTER,JACKSON,was,Jackson Square: was part of Register St
JACKSON,REGISTER,became part of,Jackson Place: became part of Register St
FORREST,JACKSON,was,"Jackson St: was ""Forrest St"""
JACKSON,PRESTON,now,Jackson St: now Preston
JACKSON,MATTHEW,became,Jackson St: became St Matthew St
7TH,JACKSON,was,Jackson St: was 7th St n.d. Atl B
JAMES,PATAPSCO,became,James Alley: became Patapsco St
JASPER,AGATE,became,Jasper Court: became Agate Ct
JEFFERSON,LEWIS,became part of,Jefferson Court: became part of Lewis St
JEFFERSON,HUNTINGDON,became part of,Jefferson Place: became part of Huntingdon Ave
JEFFERSON,MCJILTON,became,Jefferson Place: became McJilton St
JEFFERSON,SAPP,became part of,Jefferson St Court: became part of Sapp St
JENKINS,TAYLOR,became part of,Jenkins Lane: became part of Taylor St
JENNINGS,FAYETTE,now part of,Jennings St: now part of Fayette St
JOHN,EUTAW,now,John St: now Eutaw St
JOHN,PRESTON,now,John St: now Preston St
JOHNSON,MOYER,became part of,Johnson Alley: became part of Moyer St
JOHNSON,RIVERSIDE,now,Johnson St: now Riverside Ave
JONATHAN,RIDGELY,now,Jonathan St: now Ridgely St
JONES,BOHEMIA,now,Jones Court: now Bohemia Ct
JONES,PRAGUE,became,Jones Court: became Prague Ct
JONES FALLS,FALLS,became,Jones Falls Blvd: became Falls Way
JONES,CLIPPER,became part of,Jones Rd: became part of Clipper Rd
JONES,FRONT,now,Jones St: now Front St
PART OF FRONT,JONES,was,Jones St: was part of Front St
JOPPA OR,BODEN,became,Joppa Court or Lane: became Boden Ct
JOPPA OLD,FRENCH,became,Joppa Rd Old: became French St
JORDAN,REHIN,became part of,Jordan Alley Court: became part of Rehin Court
JOSEPHINE,JORDAN,became,Josephine Court: became Jordan St
WASHINGTON,JURGEN,was,Jurgen Court: was Washington Court
35TH,K ANE,was,K ane St: was 35th St
BOARMAN,KATE,was,Kate Ave: was Boarman Ave
FULTON TERR,KAVANAUGH,was,Kavanaugh St: was Fulton Terr
AMITY,KEELRE,was,Keelre Court: was Amity Court
KEERL S,AMITY,now,Keerl’s Lane: now Amity St
COMMERCIAL HYWY,KEY,was,Key Highway: was Commercial Hywy
RIVERFRONT,KEY,was,Key Highway: was Riverfront St
HILLSIDE,KEYSER,was,Keyser St: was Hillside Ave
OLIVER,KEYSER,was,Keyser St: was Oliver Place
CENTRAL,KEYWORTH,was,Keyworth St: was Central Ave (Woodberry)
KING GEORGE,LOMBARD,now,King George St: now Lombard St
KING GEORGE,WATER,now,King George St: now Water St n.d. M2363
KING,31ST,became part of,King St: became part of 31st St
CEMETERY,KINSEY,was,Kinsey Ave: was Cemetery Lane
COTTAGE,KINSLEY,was,Kinsley St: was Cottage Ave
KINGTAMANY,FAYETTE,now,Kingtamany (Kintamini): now Fayette St
KINTAMINI,FAYETTE,now part of,Kintamini St: now part of Fayette St
PRICE,KIRCH,was,Kirch Court: was Price Court
1ST,KNOX,was,Knox Court: was 1st Lane
2ND,KNOX,was,Knox Court: was 2nd Lane
TOWNSEND,LAFAYETTE,was,Lafayette Ave: was Townsend
LITTLE AKE,27TH,became part of,L ake Ave: became part of 27th St
BROOK,LAKE,was,Lake St: was Brook St
LAKE,27TH,became part of,Lake St: became part of 27th St
REIMAN,LAKEVIEW,was,Lakeview Ave: was Reiman St
PATAPSCO,LAKEWOOD,was,Lakewood Ave: was Patapsco St
LAMB,LITTLE,see,Lamb Court: see Little Court
LITTLE,LAMB,see,Lamb Court: see Little Court
LAMB,LORD,see,Lamb Court: see Lord St
LORD,LAMB,see,Lamb Court: see Lord St
LAMOND,FINCK,became part of,Lamond Place: became part of Finck Ct
LAMONT,FINCK,became part of,Lamont Place: became part of Finck Ct
POINT,LAMONT,was,Lamont St: was Point Lane
LAREW,TYSON,now,Larew Alley: now Tyson
LAREWS,TYSON,now,Larews St: now Tyson St
MAIDEN,LAUREL,was,Laurel St: was Maiden Lane
STRAIGHT,LAUREL,was,Laurel St: was Straight Lane
LAURELTON,LAUREL,see,Laurelton Ave: see Laurel Ave
LAUREL,LAURELTON,see,Laurelton Ave: see Laurel Ave
LAURENS,PATTERSON,now,Laurens St: now Patterson Ave
ANNE,LAWINA,was,Lawina Rd: was Anne Rd
LAWRENCE,LUDLOW,became part of,Lawrence St: became part of Ludlow St
LAWRENCE,NORFOLK,became part of,Lawrence St: became part of Norfolk St
LAWRENCE,WELL,became part of,Lawrence St: became part of Well St
LEADEN HALL,LEADENHALL,see,Leaden Hall St: see Leadenhall St
LEADENHALL,LEADEN HALL,see,Leaden Hall St: see Leadenhall St
LE LOUP,BIRCKHEAD,became part of,Le Loup St: became part of Birckhead St
LEMMON,KING,now,Lemmon St: now King
LEONARD,FREDERICK,became,Leonard St: became Frederick St
PART OF PARRISH,LESLIE,was,Leslie St: was part of Parrish St
LESTER 2,LUSTER S,became,Lester Court #2: became Luster’s Court
LEWIS,LIGHT,now,Lewis St: now Light 1841 Atl 1
NEW CHURCH,LEXINGTON,was,Lexington St: was New Church St
LIBERTY,COURTNEY,now,Liberty Alley: now Courtney
LIBERTY HEIGHTS,OLD LIBERTY,see,Liberty Heights Ave: see Old Liberty Rd
OLD LIBERTY,LIBERTY HEIGHTS,see,Liberty Heights Ave: see Old Liberty Rd
LIBERTY,GARRISON,became part of,Liberty Rd: became part of Garrison Ave
LIBERTY,LIBERTY HGTS,became,Liberty Rd: became Liberty Hgts Ave
LIBERTY,ELLERSLIE,became part of,Liberty St: became part of Ellerslie Ave
LIGHT FROM BALTIMORE TO WATER STS,LIGHT,was,Light St: was Light Lane from Baltimore to Water Sts n.d. Atl 1&4
LIMONT,FINCK,became part of,Limont Place: became part of Finck Ct
LINCOLN,WOODBROOKE,now,Lincoln Ave: now Woodbrooke Ave
WASHINGTON,LINCOLN,was,Lincoln St: was Washington St
LINDEN,GARDEN,became part of,Linden Alley: became part of Garden St
GARDEN,LINDEN,was,Linden Ave: was Garden
LINDEN,WOLFE,became part of,Linden Place: became part of Wolfe St
PATUXENT,LINWOOD,was,Linwood Ave: was Patuxent St
WILLIAM,LINWOOD,was,Linwood Ave: was William
LINWOOD,30TH,now,Linwood Ave: now 30th St
LLOYD S,LITTLE AISQUITH,was,Little Aisquith St: was Lloyd’s Lane n.d. Atl 1
LITTLE BRADFORD,BRADFORD,became part of,Little Bradford St: became part of Bradford St
LITTLE BROADWAY,NARROWAY,became,Little Broadway: became Narroway Ct
LITTLE CALHOUN,CALHOUN,see,Little Calhoun St: see Calhoun Ct
CALHOUN,LITTLE CALHOUN,see,Little Calhoun St: see Calhoun Ct
LITTLE CAMDEN,EISLEN,became part of,Little Camden St: became part of Eislen St
ELBOW,LITTLE CAMDEN,was,Little Camden St: was Elbow Lane
LITTLE CHURCH,CHURCH,see,Little Church St: see Church St
CHURCH,LITTLE CHURCH,see,Little Church St: see Church St
LITTLE COURTLAND,REFUGE,became,Little Courtland St: became Refuge Ct
LITTLE GARDEN,GARDEN,see,Little Garden St: see Garden St
GARDEN,LITTLE GARDEN,see,Little Garden St: see Garden St
LITTLE GARDEN,ROSS,see,Little Garden St: see Ross St
ROSS,LITTLE GARDEN,see,Little Garden St: see Ross St
LITTLE GOUGH,GOUGH,see,Little Gough St: see Gough St
GOUGH,LITTLE GOUGH,see,Little Gough St: see Gough St
LITTLE GOUGH,ROGERS,became part of,Little Gough St: became part of Rogers Ave
WOLFE,LITTLE GOUGH,was,Little Gough St: was Wolfe St
CENTRE,LITTLE GREEN,was,Little Green St: was Centre Lane
LITTLE GREEN,GREENE,became part of,Little Green St: became part of Greene St
LITTLE HAMPSTEAD,HAMPSTEAD,see,Little Hampstead St: see Hampstead St
HAMPSTEAD,LITTLE HAMPSTEAD,see,Little Hampstead St: see Hampstead St
LITTLE JOSEPHINE,LITTLE WAESCHE,now,Little Josephine St: now Little Waesche
LITTLE MARY,SILVER,became,Little Mary Court: became Silver Court
LITTLE MAY,SILVER,became,Little May Court: became Silver Ct
BANK,LITTLE MCELDERRY,was,Little McElderry St: was Bank Lane
LITTLE MCELDERRY,MCELDERRY,see,Little McElderry St: see McElderry St
MCELDERRY,LITTLE MCELDERRY,see,Little McElderry St: see McElderry St
LITTLE MONTGOMERY,MONTGOMERY,became part of,Little Montgomery St: became part of Montgomery St
TIMBERNECK,LITTLE MONTGOMERY,was,Little Montgomery St: was Timberneck Lane
LITTLE MONUMENT,MONUMENT,became part of,Little Monument St: became part of Monument St
LUN,LITTLE PACA,was,Little Paca St: was Lun Lane
LITTLE PINE,PINE,became part of,Little Pine St: became part of Pine St
LITTLE PLEASANT,PLEASANT,became part of,Little Pleasant St: became part of Pleasant St
MOORE S,LITTLE ROSS,was,Little Ross St: was Moore’s Lane
LITTLE ROSS,ROSS,see,Little Ross St: see Ross St
ROSS,LITTLE ROSS,see,Little Ross St: see Ross St
LITTLE SECOND,WATER,became part of,Little Second St: became part of Water St
LITTLE SHARP,SHARP,became,Little Sharp St: became North Sharp St
LITTLE STERETT,STERETT,became part of,Little Sterett St: became part of Sterett St
LITTLE VINE,VINE,became part of,Little Vine St: became part of Vine St
LITTLE WILLIAM,WILLIAM,became part of,Little William St: became part of William St
LITTLE 2ND,2ND,see,Little 2nd St: see E 2nd St
2ND,LITTLE 2ND,see,Little 2nd St: see E 2nd St
LITTLE 2ND,WATER,became,Little 2nd St: became Water St
LIVERY,2ND,now,Livery Alley: now E 2nd St
LLOYDS,AISQUITH,now,Lloyds Lane: now Aisquith St
LOHRMAN,LEHMAN,see,Lohrman St: see Lehman
LEHMAN,LOHRMAN,see,Lohrman St: see Lehman
LOMBARD,EXCHANGE,now,Lombard St: now Exchange Place
WATER,LOMBARD,was,Lombard St: was Water St
LOMBARDY,PAUL,now,Lombardy St: now St Paul
THAMES,LONDON,was,London Court: was Thames Court
LONG,JASPER,now,Long Alley: now Jasper St
LORMAN,DOBSON,became,Lorman Alley: became Dobson Ct
LORMAN,BELMONT,became,Lorman St: became Belmont Ave
LOUDON,DULANY,became,Loudon Ave: became Dulany St
18TH,LOUDON,was,Loudon Ave: was 18th St
LOUISIANA,LEXINGTON,became part of,Louisiana Ave: became part of Lexington St
LOVELY,GERMAN,now,Lovely Lane: now German
LOYD S,LLOYD S,see,Loyd’s Lane: see Lloyd’s Lane
LLOYD S,LOYD S,see,Loyd’s Lane: see Lloyd’s Lane
LOYD S,LLOYDS,see,Loyd’s St: see Lloyds St
LLOYDS,LOYD S,see,Loyd’s St: see Lloyds St
LOYOLA,CALVERT,became part of,Loyola Place: became part of Calvert St
LESTER,LUSTER S,was,Luster’s Court: was Lester Ct
MADEIRA,DENVER,see,Madeira Alley: see Denver St
DENVER,MADEIRA,see,Madeira Alley: see Denver St
MADISON,SAPP,became part of,Madison Alley: became part of Sapp St
MADISON,MONTPELIER,became,Madison St: became Montpelier St
PRICE,MADISON,was,Madison St: was Price St
MAIDEN CHOICE,CATON OR,now,Maiden Choice Rd: now Caton Ave or St
STRAIGHT,MAIDEN,was,Maiden Lane: was Straight Lane
OAK,MALCOLM,was,Malcolm Lane: was Oak Ave
2ND,MANKIN,was,Mankin St: was 2nd St
MANKIN,21ST,now,Mankin St: now 21st St
MAPLE,WINDSOR,now,Maple Ave: now Windsor Ave
MAPLE,FEDERAL,now,Maple St: now Federal St
MARKET,DIAMOND,now,Market Alley: now Diamond St
PART OF HARRISON,MARKET,was,Market Place: was part of Harrison St
MARSH MARKET SPACE,MARKET,was,Market Place: was Marsh Market Space
COOK,MARKET SPACE,was,Market Space: was Cook St
MARRIOTT,DULANY,became part of,Marriott St: became part of Dulany St
MARSHALL,LIGHT,became part of,Marshall Ave: became part of Light St
MARSH MARKET,MARKET,became,Marsh Market Place: became Market Place
MARTEN'S,VERNAL,became,Marten's Court: became Vernal Court
MARY ANN,RAMSAY,became part of,Mary Ann St: became part of Ramsay St
WOODBROOK,MARY,was,Mary Court: was Woodbrook Terrace
MARY,WOODBROOK,became part of,Mary St: became part of Woodbrook Ave
MARY,TRACTION,became part of,Mary Terrace: became part of Traction St
MARYLAND,39TH,became part of,Maryland Ave: became part of 39th St
MASON,FINCK,became part of,Mason Place: became part of Finck Court
3RD,MATTHAI,was,Matthai Lane: was 3rd Lane
MATTHEWS,FRISBY,became part of,Matthews Ave: became part of Frisby St
SILVER,MAY,was,May St: was Silver St
MAY,SILVER,became part of,May St Court: became part of Silver Court
RUSSELL,MCALEER,was,McAleer Alley: was Russell Court
CALVERT,MCALEER,was,McAleer Court: was Calvert Court
MCALEER'S,MCALEER,was,McAleer St: was McAleer's Court
MCALLISTER,WEBB,became part of,McAllister Court: became part of Webb St
MCCLELLAN,TEN FT,see,McClellan St: see Ten Ft Lane
TEN FT,MCCLELLAN,see,McClellan St: see Ten Ft Lane
MCCLELLAND,CATHERINE,became part of,McClelland St: became part of Catherine St
FAIRVIEW,MCCURLEY,was,McCurley St: was Fairview Ave
MCELDERRY,MILL,now,McElderry St: now Mill St
MCELDERRY,MILTON,now,McElderry St: now Milton Ave
MCJILTON,HUNTINGDON,became part of,McJilton St: became part of Huntingdon Ave
MCKEAN,FRIENDSBURY,became part of,McKean Ave: became part of Friendsbury St
PART OF LIBERTY,MCLANE,was,McLane Place: was part of Liberty St
PART OF PARK,MCLANE,was,McLane Place: was part of Park Ave
MCLEAN,MCALEER,became part of,McLean Court: became part of McAleer St
MCLELLAN,MCCLELLAN,see,McLellan St: see McClellan St
MCCLELLAN,MCLELLAN,see,McLellan St: see McClellan St
MCLEARY'S,MCALEER,became part of,McLeary's Court: became part of McAleer St
MCLURES DOCK,MCCLURES DOCK,see,McLures Dock: see McClures Dock
MCCLURES DOCK,MCLURES DOCK,see,McLures Dock: see McClures Dock
MCPHAIL,BROWN'S,now,McPhail St: now Brown's Lane
WILL,MCPHAIL,was,McPhail St: was Will St
MELVALE,COLD SPRING,see,Melvale Ave: see Cold Spring Lane
COLD SPRING,MELVALE,see,Melvale Ave: see Cold Spring Lane
MELVALE,PARKDALE,became part of,Melvale Ave: became part of Parkdale Ave
MONUMENT OR,MENTOR,was,Mentor Court: was Monument Alley or Court
MERCER,BANK,see,Mercer St: see Bank St
BANK,MERCER,see,Mercer St: see Bank St
MERCER,LANVALE,see,Mercer St: see Lanvale St
LANVALE,MERCER,see,Mercer St: see Lanvale St
MERRYMAN'S,UNIVERSITY,became part of,Merryman's Lane: became part of University Pkwy
MEYERS,MYERS,see,Meyers St: see Myers St
MYERS,MEYERS,see,Meyers St: see Myers St
MILK,ROGERS,now,Milk Lane: now Rogers Ave
MILLER,STEEVER,became part of,Miller Ave: became part of Steever St
CLIPPER,MILL RACE,was,Mill-race Rd: was Clipper Ave (Row or Place)
ROGERS THEN CANNON,MILTON,was,Milton Ave: was Rogers St then Cannon St
MILTON,BRADLEY,became part of,Milton Place: became part of Bradley St
MOALD,WAYNE,now,Moald Alley: now Wayne St
MOALE,WAYNE,now,Moale Lane: now Wayne St
HIGHLAND,MONDAWMIN,was,Mondawmin Ave: was Highland Ave
MONMONIER'S,COMET,now,Monmonier's Court: now Comet St
MONTEBELLO,DOBLER,became,Montebello Ave: became Dobler Ave
OLIVER,MONTREAL,was,Montreal St: was Oliver St
RABORG,MONTROSE,was,Montrose St: was Raborg
MONUMENT,MENTOR,became,Monument Alley: became Mentor Court
MOORE,DELUOL,became,Moore Court: became Deluol Court
MOORES,LITTLE MONUMENT,now,Moores Alley: now Little Monument St
MORRIS,WALDHEIM,became,Morris Ave: became Waldheim St
MOTT,FLATIRON,became,Mott St Court: became Flatiron Court
MOULD,MOALE,see,Mould Lane: see Moale Lane
MOALE,MOULD,see,Mould Lane: see Moale Lane
MOUNT,VINE,became part of,Mount Court: became part of Vine St
JOHN,MOUNT ROYAL,was,Mount Royal Ave: was John St
MOUNT ROYAL,JOHN,now,Mount Royal Ave: now John St
OLIVER,MOUNT ROYAL,was,Mount Royal Ave: was Oliver St
MOUNT VERNON,WASHINGTON MONUMENT,see,Mount Vernon Place: see Washington Monument
WASHINGTON MONUMENT,MOUNT VERNON,see,Mount Vernon Place: see Washington Monument
MOUNT VERNON,WASHINGTON,see,Mount Vernon Place: see Washington St
WASHINGTON,MOUNT VERNON,see,Mount Vernon Place: see Washington St
PROSPECT,MOUNT VERNON,was,Mount Vernon Ave: was Prospect Ave
MOUNT VERNON,SISSON,became,Mount Vernon Ave: became Sisson St
PART OF MONUMENT ATL 2 1 2 5,MOUNT VERNON,was,Mount Vernon Place: was part of Monument St Atl 2 1/2&5
CARROLL,MOUNT VERNON,was,Mount Vernon St: was Carroll St
MOUNT VERNON,PAINE,became part of,Mount Vernon St: became part of Paine St
MOWINCKEL,WOODYEAR,see,Mowinckel St: see Woodyear St
WOODYEAR,MOWINCKEL,see,Mowinckel St: see Woodyear St
MULBERRY,PEBBLE,became,Mulberry Court: became Pebble Court
PART OF TAYLOR,MULLET,was,Mullet Court: was part of Taylor Court (No.2)
CARROLL,MULLIN,was,Mullin St: was Carroll Ave
MYRTLE,WALBROOK,now,Myrtle Ave: now Walbrook
WALBROOK,MYRTLE,was,Myrtle Ave: was Walbrook Ave
OLD PARKIN,NANTICOKE,was,Nanticoke St: was Old Parkin
NECESSITY,COMELY,see,Necessity Alley: see Comely Lane
COMELY,NECESSITY,see,Necessity Alley: see Comely Lane
NELSON,FORREST,now,Nelson St: now Forrest St
NEW CHURCH,WYOMING,now,New Church St: now Wyoming
NEW LIBERTY,GARRISON,became part of,New Liberty Rd: became part of Garrison Ave
NEW LIBERTY,WINDSOR MILL,became part of,New Liberty Rd: became part of Windsor Mill Rd
NEW,BALDERSON,now,New St: now Balderson St
NEW,FRANKLIN,now,New St: now Franklin St
NEWINGTON,PARRISH,became part of,Newington Place: became part of Parrish St
NEWS,CALVERT,became part of,News Place: became part of Calvert St
NICHOLSON,SHERWOOD,became part of,Nicholson St: became part of Sherwood St
PART OF DALLAS,NOLAN,was,Nolan Alley: was part of Dallas Court
NORTHWEST,WESTWOOD,became,Northwest St: became Westwood Ave
1ST,33RD,became part of,1st Ave: became part of 33rd St
1ST,KNOW,became part of,1st Lane: became part of Know Court
1ST,CAUSEWAY,became part of,1st St: became part of Causeway St
1ST,20TH,now,1st St: now 20th St
2ND,ULMAN,became,2nd Ave: became Ulman Ave
2ND,34TH,became,2nd Ave: became 34th St
SHARPING,2ND,was,2nd St: was Sharping Lane
2ND,WARWICK,became,2nd St: became Warwick Ave
2ND,WATER,now,2nd St: now Water St
LIVERY OR,2ND,was,2nd St East: was Livery or
2ND,21ST,now,2nd St North:now 21st St
3RD,36TH,became,3rd Ave: became 36th St
3RD,RIVERSIDE,now,3rd St: now Riverside Ave
3RD,WHITMORE,became part of,3rd St: became part of Whitmore Ave
3RD,22ND,now,3rd St: now 22nd St
4TH,SPRINGHILL,became,4th Ave: became Springhill Ave
4TH,37TH,became part of,4th Ave: became part of 37th St
4TH,23RD,see,"4th St: see ""23rd St"""
23RD,4TH,see,"4th St: see ""23rd St"""
ARMORY,5TH,see,5th Ave: see Armory Place
5TH,38TH,became,5th Ave: became 38th St
5TH,42ST,became part of,5th Ave: became part of 42st St
5TH,STOCKHOLM,became part of,5th Lane: became part of Stockholm St
SUMWALT NOW 24TH,5TH,was,5th St: was Sumwalt now 24th St
6TH,25TH,now,6th St: now 25th St
7TH,POPLAR GROVE,became part of,7th St: became part of Poplar Grove St
7TH,26TH,now,7th St: now 26th St
8TH,LONGWOOD,became part of,8th St: became part of Longwood St
BARNUM,9TH,was,9th St: was Barnum
9TH,ROSEDALE,became part of,9th St: became part of Rosedale St
9TH,28TH,now,9th St: now 28th St
10 FT,CROOKED,now,10 Ft Lane: now Crooked Lane
10 FT,MCCLELLAN,now,10 Ft Lane: now McClellan St
10TH,ELLAMONT,became part of,10th St: became part of Ellamont Ave
HOLMES,10TH,was,10th St: was Holmes
10TH,29TH,now,10th St: now 29th St
11TH,HILTON,now,11th St: now Hilton St
11TH,30TH,became part of,11th St: became part of 30th St
12TH,WALDHEIM,became part of,12th St: became part of Waldheim St
12TH,31ST,now,12th St: now 31st St
13TH,EDGEWOOD,became part of,13th St: became part of Edgewood St
13TH,32ND,now,13th St: now 32nd St
14TH,ELSINORE,became part of,14th St: became part of Elsinore Ave
14TH,GRANTLEY,became part of,14th St: became part of Grantley St
14TH,23RD,now,14th St: now 23rd St
15TH,ALLENDALE,became part of,15th St: became part of Allendale St
15TH,34TH,now,15th St: now 34th St
16TH,MT HOLLY,became part of,16th St: became part of Mt Holly St
16TH,36TH,now,16th St: now 36th St
17TH,LYNDHURST,became,17th St: became Lyndhurst St
17TH,36TH,now,17th St: now 36th St
CALLED LINDEN OR LOUDON,18TH,was,18th St West: was called Linden or Loudon Ave
19TH,COLLINS,became part of,19th St: became part of Collins Ave
5TH,19TH,was,19th St: was 5th Ave
38TH,19TH,was,19th St: was 38th St
20TH,AUGUSTA,became part of,20th St: became part of Augusta Ave
DENMEAD,20TH,was,20th St: was Denmead
CEMETARY,21ST,was,21st St: was Cemetary Rd
21ST,31ST,became part of,21st St: became part of 31st St
BROWN,22ND,was,22nd St: was Brown
5TH,24TH,was,24th St: was 5th St
WALNUT,26TH,was,26th St: was Walnut
8TH,27TH,was,27th St: was 8th St
27 1 2,WHITRIDGE,became,27 1/2 St: became Whitridge Ave
BARNUM THEN 9TH,28TH,was,28th St: was Barnum St then 9th St
28 1 2,ILCHESTER,became,28 1/2 St: became Ilchester Ave
WRIGHT,30TH,was,30th St: was Wright Ave
WAVERLY,31ST,was,31st St: was Waverly Ave
35TH,KANE,now,35th St: now Kane St
CROSS,36TH,was,36th St: was Cross St
HOOPER,O'BRIEN,was,O'Brien Ct: was Hooper Ct
O'DONNELL,HEALY,became,O'Donnell Ct: became Healy Ct
O'DONNELL,NEALY,see,O'Donnell Ct: see Nealy Ct
NEALY,O'DONNELL,see,O'Donnell Ct: see Nealy Ct
OAK,CANTERBURY,became part of,Oak St: became part of Canterbury Rd
STANSBURY,OAKFORD,was,Oakford Ave: was Stansbury Ave (or Lane)
OAKLAND,ROLAND,now,Oakland Ave: now Roland Ave
OEHRL,EARLE,became part of,Oehrl Ct: became part of Earle Ct
WELLS,OHIO,was,Ohio Ave: was Wells St
WHORTLEBERRY,OHIO,was,Ohio Ave: was Whortleberry Ave
OLD FORREST,CHARLES,now,Old Forrest St: now Charles St
OLD LIBERTY,LIBERTY HGTS,became,Old Liberty Rd: became Liberty Hgts Ave
OLD YORK,MONTEBELLO,became part of,Old York Rd: became part of Montebello Ave
OLD YORK,STAR,became,Old York Rd: became Star Lane
OLIVE,SEIM,became,Olive Ct: became Seim Ct
OLIVER,UNION,became part of,Oliver Place: became part of Union Ave
SCHOTT'S,ORANGE,was,Orange Court: was Schott's Court
WANSBECK,OREGON,was,Oregon St: was Wansbeck
OREM PARK,MONDAWMIN,became part of,Orem Park Place: became part of Mondawmin Ave
ORIOLE,LATROBE PARK,see,Oriole St: see Latrobe Park Terrace
LATROBE PARK,ORIOLE,see,Oriole St: see Latrobe Park Terrace
OSTEND,STOCKHOLM,became part of,Ostend St: became part of Stockholm St
OXFORD,27TH,became,Oxford Ave: became 27th St
TELEGRAPH,OXFORD,was,Oxford St: was Telegraph St
PACA,CLAY,became part of,Paca Alley: became part of Clay St
PACA,RIEGER,became,Paca Court: became Rieger Court
PERRY,PACA,was,Paca St: was Perry St
PAGE,WINCHESTER,became part of,Page Alley: became part of Winchester St
CARROLL OR,PAINE,was,Paine St: was Carroll Ave or St
MT VERNON,PAINE,was,Paine St: was Mt Vernon St
PARK,BARNUM,became,Park Ave: became Barnum Ave
PARK,MCLANE,became,Park Ave: became McLane Place
ON HOWARDS PLAT,PARK,was,Park Ave: was North St on Howards Plat
PARK,PARKSIDE,became,Park Ave: became Parkside St
KATE,PARK MANOR,was,Park Manor Ave: was Kate Ave
PARK,CLOVERDALE,became part of,Park Terrace: became part of Cloverdale Rd
PARNASSUS,SUP,see,Parnassus St: see Sup. Ct
SUP,PARNASSUS,see,Parnassus St: see Sup. Ct
PARRISH,LESLIE,became,Parrish St: became Leslie St
PATAPSCO,HARDEN,became,Patapsco Alley: became Harden Court
PATTERSON,LAURENS,became part of,Patterson Ave: became part of Laurens St
PATTERSON,TAYLOR,became part of,Patterson Lane: became part of Taylor St
GIST,PATTERSON PARK,was,Patterson Park Ave: was Gist St
PATTERSON,PATTERSON PARK,was,Patterson Park Ave: was Patterson Place
PATTERSON,PATTERSONS,now,Patterson St: now Pattersons Wharf
PEABODY,CHATHAM,became part of,Peabody St: became part of Chatham St
PEACE,PERRY,became,Peace Alley: became Perry
PEACH,SARAH ANN,now,Peach Alley: now Sarah Ann
PEIRCE,PIERCE,became part of,Peirce St: became part of Pierce St
WALTE MEYER,PENMONT,was,Penmont Court: was Walte(r)Meyer Court
PENROSE,LANSDOWNE,became part of,Penrose Ave: became part of Lansdowne St
GOULD'S,PEPPER,was,Pepper Court: was Gould's Court
PETTICOAT,SPRING,now,Petticoat Alley: now Spring St
PFEFFER,PEPPER,became,Pfeffer Court: became Pepper Court
HOFFMAN'S,PHELPS,was,Phelps Lane: was Hoffman's Lane
PIMLICO,PARK HEIGHTS,became part of,Pimlico Blvd: became part of Park Heights Ave
DRUID HEIGHTS,PIMLICO BOULEVARDE,was,Pimlico Boulevarde: was Druid Heights Ave
PART OF REISTERSTOWN,PIMLICO,was,Pimlico Circle: was part of Reisterstown Rd
PINCKNEY,WARD,became part of,Pinckney St: became part of Ward St
PINKNEY,LOMBARD,now,Pinkney St: now Lombard St
PLUM OR ROW,PLUM,was,Plum Alley: was Plum St or Row
PLYMOUTH,39TH,became part of,Plymouth Ave: became part of 39th St
POLLY,TRINITY,now,Polly St: now Trinity
SYRACUSE,POOLE,was,Poole St: was Syracuse St
POPLAR,WOLFE,now,Poplar St: now Wolfe St
EGDAR OR,PORT,was,Port St: was Egdar Place or Terrace
POTTER,POWERS,became,Potter Ave: became Powers St
GITTINGS OF,POULTNEY,was,Poultney St: was Gittings Court of Lane
PRESSTMAN,MONTGOMERY,now,Presstman Alley: now Montgomery
JOHN EAST OF CATHEDRAL,PRESTON,was,Preston St: was John St east of Cathedral St
PRICE,HARMISON,became part of,Price Alley: became part of Harmison St
PRICE,KIRSCH,became,Price Court: became Kirsch Court
PRICE,BRICE,see,Price St: see Brice St
PRICE,MAIDSON,now part of,Price St: now part of Maidson Ave
PRIMROSE,LOMBARD,now,Primrose Alley: now Lombard
PRINCE,STILES,now,Prince St: now Stiles
PROSPECT,SISSON,became part of,Prospect Ave: became part of Sisson St
PROSPECT,24TH,became part of,Prospect Ave: became part of 24th St
PROSPECT,WEBB,became part of,Prospect Lane: became part of Webb St
PUBLIC,GRANT,now,Public Alley: now Grant
PUBLIC WALK,PATTERSON PARK,now,Public Walk: now Patterson Park
LIBERTY,PURITAN,was,Puritan St: was Liberty St (Stone Hill)
QUAKER,MONTEBELLO,see,Quaker Lane: see Montebello Ave
MONTEBELLO,QUAKER,see,Quaker Lane: see Montebello Ave
QUAY,YORK,see,Quay Alley: see York St
YORK,QUAY,see,Quay Alley: see York St
BLOCK,QUEEN,see,Queen St: see Block St
QUENN,BLOCK,now,Quenn St: now Block St
QUEEN,PRATT,now,Queen St: now Pratt St
GARRETT,RABORG,was,Raborg St: was Garrett St
PARK,RABORG,was,Raborg St: was Park Lane
BARCLAY OF,REARDON,was,Reardon St: was Barclay Ave of St
MARY,RECTORY,was,Rectory Lane: was St Mary Ave
BUDNITZ,REDGRAVE,was,Redgrave Court: was Budnitz Court
REGISTER,JACKSON,became,Register St: became Jackson Square
REMINGTON,FOX,became part of,Remington Place: became part of Fox St
REX,GARDEN,now,Rex Alley: now Garden St n.d. Atl 3
JORDAN,RHEIN,was,Rhein Court: was Jordan Alley Court
RICE,CARLTON,became part of,Rice Alley: became part of Carlton St
RIDGE,DALLAS,became part of,Ridge Place: became part of Dallas St
RIDGELY,WARNER,now,Ridgely St: now Warner St
RIDGELY'S ADDITION,RIDGELY'S DELIGHT,see,Ridgely's Addition: see Ridgely's Delight
RIDGELY'S DELIGHT,RIDGELY'S ADDITION,see,Ridgely's Addition: see Ridgely's Delight
PACA OR,RIEGER,was,Rieger Court: was Paca Place or Court
ROBERT,RIEMAN,was,Rieman St: was Robert Ave
CEMETERY,RIGGS,was,Riggs Ave: was Cemetery Lane
TENANT,RIGGS,was,Riggs Ave: was Tenant
RIVER,KEY,now,River St: now Key Highway
RIVER FRONT,KEY,now,River Front St: now Key Highway
THE BATTERY,RIVERSIDE PARK,was,Riverside Park: was The Battery
PART OF HARE,ROCHESTER,was,Rochester Place: was part of Hare St
ROGERS,LLOYD,became part of,Rogers Ave: became part of Lloyd St
ROGERS,MILTON,now,Rogers St: now Milton Ave
ROSE,ETTING,became part of,Rose Alley: became part of Etting St
ROSE,GARDEN,now,Rose Alley: now Garden St
ROSELAND,GITTINGS,became part of,Roseland St: became part of Gittings St
ROSELIND,BEVERLY,became part of,Roselind Ave: became part of Beverly St
ROSELIND,GITTINGS,became part of,Roselind St: became part of Gittings St
RUBIN,BENSON,see,Rubin Ave: see Benson Ave
RUSSELL,MCALEER'S,became part of,Russell Court: became part of McAleer's Court
PART OF ANN,RUTLAND,was,Rutland Ave: was part of Ann St
RUXTON,BALDERSTON,now,Ruxton Lane: now Balderston St
CEDAR OR ROW,BARNABAS,was,St Barnabas Court: was Cedar Court or Row
CLAIR,SINCLAIR,became part of,St Clair Lane: became part of Sinclair Lane
PAUL,ELIZABETH,was,St Elizabeth Court: was St Paul Court
JAMES,LEWIS,became part of,St James Court: became part of Lewis St
JOSEPH,ELLSWORTH,became part of,St Joseph St: became part of Ellsworth St
MARY,FRUIT,became,St Mary Court: became Fruit Court
MARY,SEMINARY,became,St Mary Court: became Seminary Court
UNION OR,MATTHEW,was,St Matthew St: was Union Alley or St
PAUL,SARATOGA,now,St Paul St: now Saratoga St
PETER,NANTICOKE,became,St Peter Alley: became Nanticoke St
PENN,PETER,was,St Peter St: was Penn
TAMMANY,FAYETTE,now,St Tammany St: now Fayette
THOMAS,YELLOTT,see,St Thomas Court: see Yellott Court
YELLOTT,THOMAS,see,St Thomas Court: see Yellott Court
SALISBURY,TEMPLE,became part of,Salisbury Alley: became part of Temple St
SALISBURY,WATSON,now,Salisbury St: now Watson St
BOWEN,SARATOGA,was,Saratoga St: was Bowen St
BOWEN,SARGENT,was,Sargent St: was Bowen St
GREEN,SASSAFRAS,was,Sassafras Court: was Green Court
SASSAFRASS,HAMBURG,now,Sassafrass St: now Hamburg
SPRING,SCHAEFER,was,Schaefer Court: was Spring Court
WINDSOR,SCHOOL,was,School St: was Windsor Ave
SELMA,BRUCE,became part of,Selma Place: became part of Bruce St
FRONT,SENECA,was,Seneca St: was Front St
FORREST FROM GERMAN,SHARP,was,Sharp St: was Forrest St from German
SHARPING,SECOND,became,Sharping Lane: became Second St
SHARPING,WATER,now,Sharping Lane: now Water St
SHEPHERD,CALLENDER,became part of,Shepherd St: became part of Callender St
SHIRK,MACE,became,Shirk Alley: became Mace St
SHIRK,23RD,now,Shirk St: now 23rd St
BAYARD,SHORT,was,Short Alley: was Bayard Court
SHORT,SOMERSET,became part of,Short St: became part of Somerset St
SHORT,BRIEF,became,Short St Court: became Brief Court
VALLEY,SIMPSON,was,Simpson St: was Valley St
FRANKLIN,SINDALL,was,Sindall St: was Franklin Terrace
MT VERNON,SISSON,was,Sisson St: was Mt Vernon Ave
SLEIGH'S,FAIRMOUNT,became,Sleigh's Lane: became Fairmount Ave
SLEIGH'S,HAMPSTEAD,became,Sleigh's Lane: became Hampstead St
SLEIGHS,SLIGHS,see,Sleighs Lane: see Slighs Lane
SLIGHS,SLEIGHS,see,Sleighs Lane: see Slighs Lane
SLIGHS,FAIRMOUNT,now,Slighs Lane: now Fairmount Ave
SMITH,WEBB,became part of,Smith Alley: became part of Webb St
SMITH,DARLEY,became part of,Smith St: became part of Darley Ave
SMITH'S,HOLLINGSWORTH,now,Smith's Alley: now Hollingsworth St
20 FT OR,SMITHS,was,Smiths Alley: was 20 Ft Alley or Lane
SMOCK,LITTLE AISQUITH,now,Smock Alley: now Little Aisquith
SMOCK,LLOYD'S,see,Smock Alley: see Lloyd's Lane
LLOYD'S,SMOCK,see,Smock Alley: see Lloyd's Lane
SNYDER'S,BEALE,became,Snyder's Court: became Beale Court
BALTIMORE,KEY,became,South Baltimore Highway: became Key Hwy
SPEARS,LITTLE SECOND,now,Spears Alley: now Little Second St
FOURTH,SPRINGHILL,was,Springhill Ave: was Fourth Ave
SPRING ROW,FALLS,became part of,Spring Row: became part of Falls Rd
SPRING ROW,SPRING,became part of,Spring Row: became part of Spring St
SPRING,VINE,now,Spring St: now Vine St
STABLE,2ND,now,"Stable Alley: now ""E 2nd St"""
STABLE,LITTLE 2ND,now,Stable Alley: now Little 2nd St
STAR,CHAPEL,now,Star Alley: now Chapel St
STARR,MONTEBELLO,became part of,Starr Lane: became part of Montebello Ave
STERRETT,BARRE,became,Sterrett St: became Barre St
STEWARD,DARK,became part of,Steward Court: became part of Dark lane
STEWARD,ELBOW,became,Steward Court: became Elbow Court
STILES,PRINCE,now,Stiles St: now Prince St
STILLHOUSE,FRONT,now,Stillhouse Alley: now Front St
STILLWATER,BEDFORD,now,Stillwater Alley: now Bedford Lane
UPTON,STIRLING,was,Stirling St: was Upton St
STOCKHOLM,SWEDEN,became,Stockholm St Court: became Sweden Court
STODDARD,CARRERE,see,Stoddard Alley: see Carrere
CARRERE,STODDARD,see,Stoddard Alley: see Carrere
CALVERT,STONE,was,Stone Alley: was Calvert Court
CHURCH,STONE,was,Stone Alley: was Church Court
STRAWBERRY,DALLAS,now,Strawberry Alley: now Dallas
STRAWBERRY,STATE,see,Strawberry Alley: see State St
STATE,STRAWBERRY,see,Strawberry Alley: see State St
STREAMS,WATER COURSES,see,Streams: see Water Courses
WATER COURSES,STREAMS,see,Streams: see Water Courses
HARRISON,STREEPER,was,Streeper: was Harrison
STUART,STEWART,became,Stuart St: became Stewart St
MEYD,STUMP,was,Stump Alley: was Meyd Court
MEYER,STUMP,was,Stump Alley: was Meyer Court
SUFFOLK,WEBSTER,became part of,Suffolk St: became part of Webster St
SUGAR,CHURCH,now,Sugar Alley: now Church St
WINTER,SUMMER,was,Summer Court: was Winter Court
SUMWALT,24TH,now,Sumwalt St: now 24th St
SUMWALT'S,RED,became,Sumwalt's Lane: became Red Lane
PART OF CHARLES,SUN,was,Sun Square: was part of Charles St
SWAN,HERRING,became,Swan Alley: became Herring Court
HORSEMARKET SPACE,SWAN,was,Swan St: was Horsemarket Space
SWEET AIR,3RD,now,Sweet Air Ave: now 3rd St
SWEET AIR,36TH,became part of,Sweet Air Ave: became part of 36th St
DIVISION,SWEET AIR,was,Sweet Air St: was Division St
SYCAMORE,BUENA VISTA,now,Sycamore Ave: now Buena Vista Ave
SYCAMORE,POOLE,see,Sycamore Ave: see Poole St
POOLE,SYCAMORE,see,Sycamore Ave: see Poole St
TALBOT,APPLE,became,Talbot Place: became Apple Court
TALBOT,TALBOTT,became,Talbot St: became Talbott St
TALBOTT,HUTTON,became,Talbott Ave: became Hutton Rd
TALBOTT'S,APPLE,became,Talbott's Court: became Apple Court
TAYLOR,BOHEMIA,became,Taylor Court: became Bohemia Court
TAYLOR,HEALY,became part of,Taylor Court: became part of Healy Court
TAYLOR,MULLET,became,Taylor Court: became Mullet Court
CEMETARY,TENANT,was,Tenant St: was Cemetary Lane
PRIVATE NEAR FULTON,TENANT,was,Tenant St: was private near Fulton Ave 1867 Atl B
RIGGS,TENANT,see,Tenant St: see Riggs Ave
THOMPSON,BOYD,now,Thompson Alley: now Boyd St
PRIVATE NEAR,THOMPSON,was,Thompson St: was private near
TIMBER NECK,HENRITETTA,now,Timber Neck Lane: now Henritetta
TIMBER NECK,LITTLE MONTGOMERY,now,Timber Neck Lane: now Little Montgomery
TIMBERNECK,RIDGELY'S ADDITION,see,Timberneck: see Ridgely's Addition
RIDGELY'S ADDITION,TIMBERNECK,see,Timberneck: see Ridgely's Addition
TURNER,TIRNER,was,Tirner Lane: was Turner Lane
TOME,TOONE,became part of,Tome St: became part of Toone St
PART OF TOME,TOONE,was,Toone St: was part of Tome St
TOWNSEND,30TH,became part of,Townsend Ave: became part of 30th St
GUILFORD,TOWNSEND,was,Townsend Court: was Guilford Place
BROOK,TRACTION,was,Traction St: was Brook Court
WOODBROOK TERR,TRACTION,was,Traction St: was Woodbrook Terr
TRAPPE,OLD TRAPPE,see,Trappe Rd: see Old Trappe Rd
OLD TRAPPE,TRAPPE,see,Trappe Rd: see Old Trappe Rd
TRENTON,LEMMON,see,Trenton St: see Lemmon St
LEMMON,TRENTON,see,Trenton St: see Lemmon St
TRIPOLETS,CUSTOM HOUSE,now,Tripolets Alley: now Custom House Ave
TRIPOLETS,FORMAN,became,Tripolets Alley: became Forman St
TRIPOLETS,P O,now,Tripolets Alley: now P O Ave
TRIPOLETTS,CUSTOM HOUSE,now,Tripoletts Alley: now Custom House Ave
TRIPOLETTS,FORMAN,became,Tripoletts Alley: became Forman St
TIRNER,TURNER,see,Turner Lane: see Tirner Lane
TURTLE SOUP,CHINA OR,now,Turtle Soup Alley: now China Alley or St
UHLER'S,OLD LOMBARD,see,Uhler's Alley: see Old Lombard St
OLD LOMBARD,UHLER'S,see,Uhler's Alley: see Old Lombard St
SECOND,ULMAN,was,Ulman Ave: was Second Ave
UNION,ARCH,now,Union Alley: now Arch St
UNION,MARION,now,Union Alley: now Marion St
UNION,MATTHEW,became,Union Alley: became St Matthew St
UNION,HOPE,became part of,Union Ave: became part of Hope St
UNION,MCALLISTER,became part of,Union Ave: became part of McAllister St
UNION,UNITY,became,Union Court: became Unity Court
UNION,CHESTNUT,see,Union St: see Chestnut St
CHESTNUT,UNION,see,Union St: see Chestnut St
GREEN,UNION,see,Union St: see Green St
UNION,GREENWILLOW,became part of,Union St: became part of Greenwillow St
UNION,LOMBARD,became part of,Union Terrace: became part of Lombard St
MERRYMAN'S OR,UNIVERSITY,was,University Pkwy: was Merryman's Lane or Ave
STIRLING,UPTON,see,Upton St: see Stirling St
MCCLELLAN,10 FT,see,10 Ft Alley: see McClellan St
20 FT,REGISTER,now,20 Ft Alley: now Register St
VALLEY,CECIL,became,Valley St: became Cecil Ave
VALLEY,KENNEDY,became,Valley St: became Kennedy Ave
WINDSOR,VAN LILL,was,Van Lill St: was Windsor St
MARTIN'S,VERNAL,was,Vernal Court: was Martin's Court
GILMOR,VINEYARD,was,Vineyard Lane: was Gilmor Lane
VIOLET,3RD,now,Violet Ave: now 3rd Ave
3RD,VIOLET,was,Violet Ave: was 3rd Ave
VULCAN,NEW CHURCH,became,Vulcan Alley: became New Church St n.d. Atl 1
VULCAN,WYOMING,now,Vulcan Alley: now Wyoming St
WABASH,ALEXANDER,see,Wabash Ave East: see Alexander Ave
ALEXANDER,WABASH,see,Wabash Ave East: see Alexander Ave
JOSEPHINE,WAESCHE,was,Waesche St: was Josephine St
CONCORD EAST OF LEAKIN,WAGNER,was,Wagner St: was Concord east of Leakin
BAKER,WAGON,was,Wagon Alley: was Baker Court
WAGON,CLAY,now,Wagon Alley: now Clay St
WAGON,CLONEY,became,Wagon Alley: became Cloney St
ARCHER,WALKER,see,Walker St: see Archer St
WALL,MCCABE,now,Wall St: now McCabe St
WALLIS,PAUL,became part of,Wallis Place: became part of St Paul St
WALTER'S,GREENWILLOW,now,Walter's Alley: now Greenwillow St
FAYETTE,WAPPING,was,Wapping Alley: was Fayette Court
WARDEN,CONCORD,see,Warden St: see Concord St
WASHINGTON,BALTO WASH TNPK,see,Washington Rd: see Balto & Wash Tnpk
BALTO WASH TNPK,WASHINGTON,see,Washington Rd: see Balto & Wash Tnpk
WATER CO,BALTO WATER CO,see,Water Co: see Balto Water Co n.d. Atl 2
BALTO WATER CO,WATER CO,see,Water Co: see Balto Water Co n.d. Atl 2
WATER,PINDLE,became,Water Court: became Pindle Court
WATER ROW,PINDLE,became,Water Row: became Pindle Court
WATER,CALLED EXCHANGE,now,Water St: now called Exchange
WATER,FAIT,now,Water St: now Fait Ave
WATER,LANCASTER,became,Water St: became Lancaster St
WATERFRONT,KEY,became,Waterfront St: became Key Hwy
WATERING,OLD LANDING ATL 3,see,Watering Place: see Old Landing Atl 3
OLD LANDING ATL 3,WATERING,see,Watering Place: see Old Landing Atl 3
WATERS,PINDLE,became,Waters Court: became Pindle Court
WATERS,LONGWOOD,became part of,Waters Lane: became part of Longwood St
WATERS ROW,PENDLE,became part of,Waters Row: became part of Pendle Court
WATERS ROW,PINDLE,became,Waters Row: became Pindle Court
WATSON,AISQUITH,became part of,Watson Court: became part of Aisquith St
WAVERLY,CAREY,became part of,Waverly Terrace: became part of Carey St
WEBB,SMALL,became part of,Webb Alley: became part of Small St
WEBSTER,DANIEL,became,Webster Alley: became Daniel Court
WEBSTER,SMALL,became,Webster Alley: became Small St
WEBSTER,HEYWOOD,became,Webster Court: became Heywood Court
WEBSTER,BOYLE,became,Webster St: became Boyle St
WEHAGE,CLEMENT,became part of,Wehage St: became part of Clement St
PART OF HOHENHOFF,WELDON,was,Weldon Circle: was part of Hohenhoff Pkwy
WELLS MCCOMAS MONUMENT,ASHLAND,see,Wells & McComas Monument: see Ashland Sq
ASHLAND,WELLS MCCOMAS MONUMENT,see,Wells & McComas Monument: see Ashland Sq
WENBURN,RUSSELL,now,Wenburn St: now Russell St n.d. M4642-53
WESLEY,MONASTARY,became part of,Wesley St: became part of Monastary Ave
LIFFEY,FALLS,was,West Falls Ave: was Liffey St
BROWN,WEYLER,was,Weyler St: was Brown
WEYLER,CROSS,became part of,Weyler St: became part of Cross St
WHISKEY,KING,now,Whiskey Alley: now King St
WHITE,TEMPLE,became part of,White Court: became part of Temple St
WHITES,TEMPLE,became part of,Whites Court: became part of Temple St
WICHITA,TOWANDA,see,Wichita Ave: see Towanda Ave
TOWANDA,WICHITA,see,Wichita Ave: see Towanda Ave
WICKE'S,5TH,now,Wicke's Lane: now 5th Ave
WILEY,WYLIE,became,Wiley Ave: became Wylie Ave
WILKENS,CARTHERINE,became part of,Wilkens St: became part of Cartherine St
WILK'S,BANK,now,Wilk's Lane: now Bank Lane
WILKES,BANK,became,Wilkes Alley: became Bank Lane
WILL,BROWN'S,see,Will St: see Brown's Lane
BROWN'S,WILL,see,Will St: see Brown's Lane
WILL,WELLS,now,Will St: now Wells St
LINWOOD,WILLIAM,was,William St: was Linwood Ave
WILLIAM,30TH,now,William St: now 30th St
WILLIAMSON,HAMBURG,see,Williamson Alley: see Hamburg St
HAMBURG,WILLIAMSON,see,Williamson Alley: see Hamburg St
WILLOW,NORWOOD,became,Willow Court: became Norwood Court
GEORGE,WILMER,was,Wilmer Alley: was George St Court
LITTLE WATER,WILMER,was,Wilmer Alley: was Little Water St
OXFORD,WILMER,was,Wilmer Alley: was Oxford Court
WATER,WILMER,was,Wilmer Alley: was Water Court
WILSON,BREWER,became,Wilson Court: became Brewer Court
WILSON,BERRY,became,Wilson St: became Berry St
WINDERMERE,34TH,see,Windermere Ave: see 34th St
34TH,WINDERMERE,see,Windermere Ave: see 34th St
WINDSOR MILL,LIBERTY,see,Windsor Mill Rd: see Liberty Pike
LIBERTY,WINDSOR MILL,see,Windsor Mill Rd: see Liberty Pike
PART OF NEW LIBERTY,WINDSOR MILL,was,Windsor Mill Rd: was part of New Liberty Rd
WINDSOR MILL,WINDSOR,see,Windsor Mill Rd: see Windsor St
WINDSOR,WINDSOR MILL,see,Windsor Mill Rd: see Windsor St
BRUCE,WINSLOW,was,Winslow Court: was Bruce Terrace
WOLFE,GOUGH,now,Wolfe St: now Gough St
LITTLE GOUGH,WOLFE,was,Wolfe St: was Little Gough St
WOOD,CATHERINE,became part of,Wood Alley: became part of St Catherine St
WOOD,UPTON,became part of,Wood Alley: became part of Upton St
LINCOLN,WOODBROOK,was,Woodbrook Ave: was Lincoln Ave
WOODBROOK,TRACTION,became part of,Woodbrook Terrace: became part of Traction St
PART OF BARRE,WOODWARD,was,Woodward St: was part of Barre St
WOOSTER,CAREY,now,Wooster St: now Carey St
PART OF CAREY,WORCHESTER,was,Worchester St: was part of Carey St
WORCHESTER,WOOSTER,see,Worchester St: see Wooster
WOOSTER,WORCHESTER,see,Worchester St: see Wooster
WRIGHT,CARLTON,became part of,Wright Alley: became part of Carlton St
30TH,WRIGHT,see,Wright St: see 30th St
KING,WYMAN,was,Wyman Ave: was King St
YORK,GREENMOUNT,now,York Rd: now Greenmount Ave
YORK,OLD YORK,see,York Rd: see Old York Rd
OLD YORK,YORK,see,York Rd: see Old York Rd
YORK OLD,MONTEBELLO,became,York Rd Old: became Montebello Ave
YORK OLD,STAR,became,York Rd Old: became Star Lane
DALLAS,YOUNG,was,Young Alley: was Dallas St Court
YOUNG,RINGGOLD,now,Young Alley: now Ringgold St
YOUNG,BENIDECT,became part of,Young Ave: became part of St Benidect St
YOUNG,WAYSON,became part of,Young St: became part of Wayson St
