name,street_a,street_b,pixel_x,pixel_y,modern_x_epsg6487,modern_y_epsg6487,hue_x_epsg6487,hue_y_epsg6487,res_affine_m,res_poly2_m,res_tps_m,loo_affine_m,loo_poly2_m,loo_tps_m,hue_vs_modern_m,map1822_vs_hue_m,snap_m,n_modern_candidates,near_seam,crop,note
Charles & Biddle,CHARLES,BIDDLE,3076,1001,433116.91,181762.05,433116.23,181760.62,19.3,11.8,0.0,23.1,16.9,8.7,1.6,9.6,0.0,1,,"2950,950,3350,1250",
Calvert & Biddle,CALVERT,BIDDLE,3243,1001,433355.21,181775.61,433355.79,181773.86,4.0,11.9,0.0,4.8,16.6,20.8,1.8,21.5,0.0,1,,"2950,950,3350,1250",
Charles & Chase,CHARLES,CHASE,3076,1093,433123.69,181645.27,433122.69,181645.65,18.3,8.9,0.0,21.4,11.6,3.1,1.1,4.1,0.0,1,,"2950,950,3350,1250",
Eutaw & Madison,EUTAW,MADISON,2682,1411,432650.94,181199.30,432651.35,181195.98,7.9,11.2,0.0,8.9,14.0,34.1,3.3,35.6,0.0,2,,"2500,1300,2900,1600",
Broadway & Monument,BROADWAY,MONUMENT,4472,1499,435009.40,181209.62,434997.87,181206.30,26.3,1.3,0.0,31.1,3.1,11.0,12.0,15.6,0.0,1,,"4300,1380,4700,1680",
Charles & Centre,CHARLES,CENTRE,3078,1616,433161.65,180975.92,433158.02,180970.05,21.5,15.0,0.0,23.2,16.9,19.2,6.9,20.8,0.0,1,,"2950,1400,3350,1700",
Amity & Baltimore,AMITY,BALTIMORE,1874,2187,431659.77,180129.81,431655.15,180127.94,29.9,5.5,0.0,35.0,8.4,7.6,5.0,12.6,0.0,2,,"1750,2100,2150,2400","platted, not yet built in 1822"
Poppleton & Baltimore,POPPLETON,BALTIMORE,1928,2187,431735.55,180135.10,431736.17,180132.82,33.3,6.2,0.0,38.6,8.8,6.5,2.4,7.1,0.0,1,,"1750,2100,2150,2400","platted, not yet built in 1822"
Eutaw & Baltimore,EUTAW,BALTIMORE,2697,2190,432703.51,180192.21,432704.61,180190.09,8.7,7.2,0.0,9.2,8.0,7.5,2.4,6.1,0.0,1,,"2620,2100,2820,2270",
Charles & Baltimore,CHARLES,BALTIMORE,3088,2187,433201.05,180218.63,433202.02,180217.88,22.0,10.7,0.0,22.9,12.1,11.2,1.2,10.3,0.0,1,,"2950,2060,3250,2310",
Calvert & Baltimore,CALVERT,BALTIMORE,3260,2184,433447.28,180232.46,433446.22,180231.54,4.4,12.4,0.0,4.6,14.2,5.3,1.4,5.2,0.0,1,,"3150,2050,3450,2300",
Gay & Baltimore,GAY,BALTIMORE,3466,2185,433736.67,180249.17,433737.68,180247.84,22.6,33.1,0.0,23.5,38.0,8.4,1.7,8.6,0.0,1,x=3478,"3350,2050,3750,2350",seam at x=3478 is close
Eden & Baltimore,EDEN,BALTIMORE,4157,2074,434619.50,180430.79,434621.30,180429.48,10.5,8.0,0.0,11.3,9.0,18.0,2.2,19.7,0.0,1,,"4100,1950,4500,2250",
Caroline & Baltimore,CAROLINE,BALTIMORE,4272,2073,434751.91,180436.18,434751.67,180434.80,13.9,15.3,0.0,15.3,17.5,17.9,1.4,18.4,0.0,1,,"4100,1950,4500,2250",
Broadway & Baltimore,BROADWAY,BALTIMORE,4480,2075,435043.92,180448.56,435036.78,180449.22,12.4,9.0,0.0,13.9,10.9,19.7,7.2,15.2,0.0,1,,"4350,1980,4650,2330",
Poppleton & Pratt,POPPLETON,PRATT,1924,2438,431753.31,179805.49,431751.91,179800.88,41.3,10.7,0.0,48.1,16.0,14.3,4.8,13.2,0.0,1,,"1850,2350,2250,2650","platted, not yet built in 1822"
Eutaw & Pratt,EUTAW,PRATT,2701,2439,432721.40,179854.83,432722.36,179854.99,13.6,11.7,0.0,14.4,13.0,8.9,1.0,9.2,0.0,1,,"2550,2320,2950,2620",
Charles & Pratt,CHARLES,PRATT,3091,2446,433225.91,179881.08,433225.53,179879.98,16.7,5.2,0.0,17.4,5.8,6.7,1.2,5.9,0.0,2,,"2950,2320,3350,2620",
Broadway & Pratt,BROADWAY,PRATT,4480,2251,435058.28,180196.15,435051.21,180193.95,17.1,9.6,0.0,19.2,11.1,12.0,7.4,15.8,0.0,1,,"4350,1980,4650,2330",
Broadway & Aliceanna,BROADWAY,ALICEANNA,4480,2731,435097.11,179561.72,435070.94,179559.51,29.8,18.5,0.0,33.9,23.3,17.1,26.3,9.3,0.0,1,y=2715,"4250,2650,4650,2950",
Washington & Aliceanna,WASHINGTON,ALICEANNA,4790,2721,435488.52,179584.43,435491.99,179585.99,29.4,9.5,0.0,35.1,14.5,6.0,3.8,5.8,0.0,1,y=2715,"4650,2620,5050,2880",
Ann & Thames,ANN,THAMES,4628,2878,435278.86,179379.01,435277.48,179382.91,19.6,7.8,0.0,23.1,12.2,12.3,4.1,15.0,0.0,1,,"4500,2780,4900,3020",
Sharp & Conway,SHARP,CONWAY,2903,2630,432982.36,179620.27,432987.03,179608.48,25.3,19.6,0.0,26.8,21.8,8.7,12.7,5.9,0.0,1,,"2700,2550,3100,2850",
Sharp & Barre,SHARP,BARRE,2903,2709,432993.50,179509.14,432992.74,179506.17,22.7,21.6,0.0,24.2,24.0,10.8,3.1,13.1,0.0,1,y=2715,"2700,2550,3100,2850",
Charles & Hamburg,CHARLES,HAMBURG,3086,3182,433267.82,178928.32,433266.36,178931.35,17.4,3.2,0.0,19.4,3.7,10.4,3.4,13.6,0.0,2,,"2950,3150,3350,3450",
Charles & Cross,CHARLES,CROSS,3086,3270,433274.17,178808.30,433273.22,178808.21,13.1,3.6,0.0,14.8,4.4,8.8,1.0,8.9,0.0,1,,"2950,3150,3350,3450",
Hanover & Clement,HANOVER,CLEMENT,3004,3549,433192.47,178453.88,433192.00,178455.33,22.3,7.2,0.0,26.9,11.0,3.4,1.5,3.1,0.0,1,,"3000,3450,3400,3750",
Charles & Clement,CHARLES,CLEMENT,3085,3549,433293.94,178459.91,433292.55,178461.19,24.5,8.4,0.0,29.4,12.5,3.4,1.9,5.3,0.0,1,,"3000,3450,3400,3750",
